snapshot_date,generated_at,popularity_rank,repo_full_name,owner_login,repo_name,repo_url,description,primary_language,stargazers_count,forks_count,watchers_count,days_since_push,repo_popularity_score,is_archived,is_fork
2026-04-19,2026-04-19T19:54:52Z,89,jobright-ai/2026-Data-Analysis-Internship,jobright-ai,2026-Data-Analysis-Internship,https://github.com/jobright-ai/2026-Data-Analysis-Internship,Collection of 2026 internships in Data-Analysis!,Unknown,153,7,153,1,4.1497,false,false
2026-04-19,2026-04-19T19:54:51Z,150,AjayDonode/nomad-guide,AjayDonode,nomad-guide,https://github.com/AjayDonode/nomad-guide,Nomad Guide for Tours ,TypeScript,0,0,0,1,0,false,false
2026-04-19,2026-04-19T19:54:53Z,154,Allghelierce/Bioscope,Allghelierce,Bioscope,https://github.com/Allghelierce/Bioscope,Claude just writes nicer commits 🤷,TypeScript,0,0,0,1,0,false,false
2026-04-19,2026-04-19T19:54:53Z,158,AnsariRpa/smart-stadium-ai-assistant,AnsariRpa,smart-stadium-ai-assistant,https://github.com/AnsariRpa/smart-stadium-ai-assistant,"A modular AI assistant framework for smart stadiums, integrating LLMs and real-time data streams to handle spectator queries, facility wayfinding, and incident reporting via a conversational interface.",JavaScript,0,0,0,1,0,false,false
2026-04-19,2026-04-19T19:54:52Z,163,Bellamkonda-Nokesh/PromptWars,Bellamkonda-Nokesh,PromptWars,https://github.com/Bellamkonda-Nokesh/PromptWars,,TypeScript,0,0,0,1,0,false,false
2026-04-19,2026-04-19T19:54:54Z,193,Kinghaksbfv/retail-sales-data-warehouse-sql-refactored,Kinghaksbfv,retail-sales-data-warehouse-sql-refactored,https://github.com/Kinghaksbfv/retail-sales-data-warehouse-sql-refactored,📊 Build a robust retail sales data warehouse with SQL Server and Python for advanced analytics and insights into sales performance and customer behavior.,Jupyter Notebook,0,0,0,1,0,false,false
2026-04-19,2026-04-19T19:54:53Z,240,api-evangelist/amazon-data-pipeline,api-evangelist,amazon-data-pipeline,https://github.com/api-evangelist/amazon-data-pipeline,"AWS Data Pipeline is a web service that helps you reliably process and move data between different AWS compute and storage services, as well as on-premises data sources, at specified intervals. With AWS Data Pipeline, you can regularly access your data where it is stored, transform and process it at scale, and efficiently transfer the results to...",Unknown,0,0,0,1,0,false,false
2026-04-19,2026-04-19T19:54:54Z,268,faridd35/end-to-end-data-engineering-sql,faridd35,end-to-end-data-engineering-sql,https://github.com/faridd35/end-to-end-data-engineering-sql,"Implementation of a modern Data Warehouse using SQL Server Management Studio. Features a 3-layer Medallion Architecture (Bronze, Silver, Gold) to integrate CRM and ERP data for business intelligence reporting.",TSQL,0,0,0,1,0,false,false
2026-04-19,2026-04-19T19:54:52Z,317,prernak199-create/SQL-Data-Warehouse-Project,prernak199-create,SQL-Data-Warehouse-Project,https://github.com/prernak199-create/SQL-Data-Warehouse-Project,"Building a modern Data Warehouse Project with SQL Server including ETL process ,Data Modeling and Analytics",TSQL,0,0,0,1,0,false,false
2026-04-19,2026-04-19T19:54:51Z,318,przygm/crypto-data-pipeline,przygm,crypto-data-pipeline,https://github.com/przygm/crypto-data-pipeline,,Python,0,0,0,1,0,false,false
2026-04-18,2026-04-18T13:21:04Z,57,spiceai/spiceai,spiceai,spiceai,https://github.com/spiceai/spiceai,"A portable accelerated SQL query, search, and LLM-inference engine, written in Rust, for data-grounded AI apps and agents.",Rust,2877,186,2877,2,7.1447,false,false
2026-04-18,2026-04-18T19:49:57Z,118,Innevatekiae/Galactic-Finance-GalFi-Crypto-Bot-Crypto-Game-Auto-Farm-Clicker-Cheat-Api,Innevatekiae,Galactic-Finance-GalFi-Crypto-Bot-Crypto-Game-Auto-Farm-Clicker-Cheat-Api,https://github.com/Innevatekiae/Galactic-Finance-GalFi-Crypto-Bot-Crypto-Game-Auto-Farm-Clicker-Cheat-Api,Bot that automates farming and clicker activities in Galactic Finance (GalFi) game. Features include crypto integration and API support. Equipped with cheats to maximize profit and enhance gameplay efficiency. Includes tools for managing the bot via Telegram.,C#,1,0,1,2,0.4852,false,false
2026-04-18,2026-04-18T19:49:56Z,131,felixyustian/enterprise_ai_context_engine_fraud_risk_marketing,felixyustian,enterprise_ai_context_engine_fraud_risk_marketing,https://github.com/felixyustian/enterprise_ai_context_engine_fraud_risk_marketing,"Enterprise AI Context Engine: Unifying Risk, Fraud, & Marketing Analytics",Jupyter Notebook,1,0,1,2,0.4852,false,false
2026-04-18,2026-04-18T19:49:59Z,133,gtougs/MBTA,gtougs,MBTA,https://github.com/gtougs/MBTA,Data Engineering Project on live MBTA Data,Python,1,0,1,2,0.4852,false,false
2026-04-18,2026-04-18T19:50:01Z,138,rizwanbinakbar/Sql-Data-warehouse-Project,rizwanbinakbar,Sql-Data-warehouse-Project,https://github.com/rizwanbinakbar/Sql-Data-warehouse-Project,"Building a modern Data warehouse project with MySQL, including ETL process, data modeling, and analytics",Unknown,1,0,1,2,0.4852,false,false
2026-04-18,2026-04-18T13:21:03Z,149,AhmadArifff/sariater-sistem-croscek-backend,AhmadArifff,sariater-sistem-croscek-backend,https://github.com/AhmadArifff/sariater-sistem-croscek-backend,,JavaScript,0,0,0,2,0,false,false
2026-04-18,2026-04-18T19:50:01Z,165,Bryan701701/spoton-synoptic,Bryan701701,spoton-synoptic,https://github.com/Bryan701701/spoton-synoptic,,Shell,0,0,0,2,0,false,false
2026-04-18,2026-04-18T19:50:01Z,169,Costinha66/conflit_warehouse,Costinha66,conflit_warehouse,https://github.com/Costinha66/conflit_warehouse,"Production-grade humanitarian data warehouse: Bronze→Silver→Gold medallion pipeline with DQ, lineage tracking, and YAML schema contracts (DuckDB + Python)",Python,0,0,0,2,0,false,false
2026-04-18,2026-04-18T19:49:58Z,187,Issa-am/dallas-real-estate-pipeline,Issa-am,dallas-real-estate-pipeline,https://github.com/Issa-am/dallas-real-estate-pipeline,,Python,0,0,0,2,0,false,false
2026-04-18,2026-04-18T13:21:01Z,202,MengYanUstc/buffet_munger_analysis,MengYanUstc,buffet_munger_analysis,https://github.com/MengYanUstc/buffet_munger_analysis,buffet_munger_analysis,Python,0,0,0,2,0,false,false
2026-04-18,2026-04-18T13:21:02Z,211,RajashekharChaduvu588/sql-data-warehouse-project,RajashekharChaduvu588,sql-data-warehouse-project,https://github.com/RajashekharChaduvu588/sql-data-warehouse-project,"Building a modern data warehouse with SQL Server ,including ETL processes, data modeling and analytics",Unknown,0,0,0,2,0,false,false
2026-04-18,2026-04-18T13:21:01Z,220,Tbach1203/glamira_user_behavior_pipeline,Tbach1203,glamira_user_behavior_pipeline,https://github.com/Tbach1203/glamira_user_behavior_pipeline,,Python,0,0,0,2,0,false,false
2026-04-18,2026-04-18T19:50:01Z,221,ThePrivacyPrince/rockstar-tprm-assessment,ThePrivacyPrince,rockstar-tprm-assessment,https://github.com/ThePrivacyPrince/rockstar-tprm-assessment,,Python,0,0,0,2,0,false,false
2026-04-18,2026-04-18T13:21:00Z,226,Xhinsoo/sql-data-warehouse,Xhinsoo,sql-data-warehouse,https://github.com/Xhinsoo/sql-data-warehouse,Building data warehouse to learn sql & data engineering concepts,Unknown,0,0,0,2,0,false,false
2026-04-18,2026-04-18T13:21:02Z,236,anentropic/semolina,anentropic,semolina,https://github.com/anentropic/semolina,Django integration with Semantic Layer backends.,Python,0,0,0,2,0,false,false
2026-04-18,2026-04-18T13:21:05Z,261,dptel22/DataNarrator--MLH-AI-Hackfest,dptel22,DataNarrator--MLH-AI-Hackfest,https://github.com/dptel22/DataNarrator--MLH-AI-Hackfest,,HTML,0,0,0,2,0,false,false
2026-04-18,2026-04-18T19:50:00Z,280,hitesh-mehta/UQS,hitesh-mehta,UQS,https://github.com/hitesh-mehta/UQS,,Python,0,0,0,2,0,false,false
2026-04-18,2026-04-18T19:49:57Z,281,hritikanalytics/Agriculture-Snowflake-AWS-PowerBI,hritikanalytics,Agriculture-Snowflake-AWS-PowerBI,https://github.com/hritikanalytics/Agriculture-Snowflake-AWS-PowerBI,"End-to-end data pipeline using Snowflake, AWS S3, SQL and Power BI for agricultural dataset analysis",Unknown,0,0,0,2,0,false,false
2026-04-18,2026-04-18T13:21:03Z,320,restuarifp/gis-data-pipeline,restuarifp,gis-data-pipeline,https://github.com/restuarifp/gis-data-pipeline,data warehouse pipeline,Unknown,0,0,0,2,0,false,false
2026-04-18,2026-04-18T13:21:04Z,346,woly1011/Woly.sarr,woly1011,Woly.sarr,https://github.com/woly1011/Woly.sarr,Portfolio data analyst,HTML,0,0,0,2,0,false,false
2026-04-16,2026-04-16T17:20:08Z,1,apache/superset,apache,superset,https://github.com/apache/superset,Apache Superset is a Data Visualization and Data Exploration Platform,TypeScript,72450,17050,72450,4,10.7567,false,false
2026-04-16,2026-04-16T17:20:10Z,2,apache/spark,apache,spark,https://github.com/apache/spark,Apache Spark - A unified analytics engine for large-scale data processing,Scala,43146,29161,43146,4,10.5548,false,false
2026-04-16,2026-04-16T17:20:07Z,4,ClickHouse/ClickHouse,ClickHouse,ClickHouse,https://github.com/ClickHouse/ClickHouse,ClickHouse® is a real-time analytics database management system,C++,46917,8306,46917,4,10.2368,false,false
2026-04-16,2026-04-16T17:20:09Z,6,apache/kafka,apache,kafka,https://github.com/apache/kafka,Apache Kafka - A distributed event streaming platform,Java,32388,15120,32388,4,10.1571,false,false
2026-04-16,2026-04-16T17:20:07Z,7,DataTalksClub/data-engineering-zoomcamp,DataTalksClub,data-engineering-zoomcamp,https://github.com/DataTalksClub/data-engineering-zoomcamp,Data Engineering Zoomcamp is a free 9-week course on building production-ready data pipelines. The next cohort starts in January 2026. Join the course here 👇🏼,Jupyter Notebook,40023,8012,40023,12,10.1147,false,false
2026-04-16,2026-04-16T17:20:09Z,8,apache/flink,apache,flink,https://github.com/apache/flink,Apache Flink,Java,25938,13915,25938,4,9.9767,false,false
2026-04-16,2026-04-16T19:59:06Z,11,PostHog/posthog,PostHog,posthog,https://github.com/PostHog/posthog,"🦔 PostHog is an all-in-one developer platform for building successful products. We offer product analytics, web analytics, session replay, error tracking, feature flags, experimentation, surveys, data warehouse, a CDP, and an AI product assistant to help debug your code, ship features faster, and keep all your usage and customer data in one stack.",Python,32616,2524,32616,4,9.625,false,false
2026-04-16,2026-04-16T17:20:14Z,12,airbytehq/airbyte,airbytehq,airbyte,https://github.com/airbytehq/airbyte,"The leading data integration platform for ETL / ELT data pipelines from APIs, databases & files to data warehouses, data lakes & data lakehouses. Both self-hosted and Cloud-hosted.",Python,21094,5144,21094,4,9.5335,false,false
2026-04-16,2026-04-16T17:20:10Z,13,kestra-io/kestra,kestra-io,kestra,https://github.com/kestra-io/kestra,Event Driven Orchestration & Scheduling Platform for Mission Critical Applications,Java,26707,2553,26707,4,9.4885,false,false
2026-04-16,2026-04-16T17:20:14Z,16,PrefectHQ/prefect,PrefectHQ,prefect,https://github.com/PrefectHQ/prefect,Prefect is a workflow orchestration framework for building resilient data pipelines in Python.,Python,22187,2266,22187,4,9.323,false,false
2026-04-16,2026-04-16T17:20:15Z,17,argoproj/argo-workflows,argoproj,argo-workflows,https://github.com/argoproj/argo-workflows,Workflow Engine for Kubernetes,Go,16618,3498,16618,4,9.2509,false,false
2026-04-16,2026-04-16T17:20:08Z,23,dagster-io/dagster,dagster-io,dagster,https://github.com/dagster-io/dagster,"An orchestration platform for the development, production, and observation of data assets.",Python,15333,2097,15333,4,9.0411,false,false
2026-04-16,2026-04-16T17:20:11Z,24,debezium/debezium,debezium,debezium,https://github.com/debezium/debezium,Change data capture for a variety of databases. Please log issues at https://github.com/debezium/dbz/issues.,Java,12620,2908,12620,4,9.0029,false,false
2026-04-16,2026-04-16T17:20:09Z,26,dbt-labs/dbt-core,dbt-labs,dbt-core,https://github.com/dbt-labs/dbt-core,dbt enables data analysts and engineers to transform their data using the same practices that software engineers use to build applications.,Python,12634,2377,12634,4,8.9432,false,false
2026-04-16,2026-04-16T17:20:12Z,27,StarRocks/starrocks,StarRocks,starrocks,https://github.com/StarRocks/starrocks,"The world's fastest open query engine for sub-second analytics both on and off the data lakehouse. With the flexibility to support nearly any scenario, StarRocks provides best-in-class performance for multi-dimensional analytics, real-time analytics, and ad-hoc queries. A Linux Foundation project.",Java,11582,2391,11582,4,8.8841,false,false
2026-04-16,2026-04-16T17:20:11Z,29,apache/iceberg,apache,iceberg,https://github.com/apache/iceberg,Apache Iceberg,Java,8742,3164,8742,4,8.7712,false,false
2026-04-16,2026-04-16T17:20:10Z,32,redpanda-data/redpanda,redpanda-data,redpanda,https://github.com/redpanda-data/redpanda,Redpanda is a streaming data platform for developers. Kafka API compatible. 10x faster. No ZooKeeper. No JVM!,C++,11967,727,11967,4,8.5501,false,false
2026-04-16,2026-04-16T17:20:12Z,33,apache/nifi,apache,nifi,https://github.com/apache/nifi,Apache NiFi,Java,6051,2936,6051,4,8.4912,false,false
2026-04-16,2026-04-16T17:20:14Z,35,redpanda-data/connect,redpanda-data,connect,https://github.com/redpanda-data/connect,Fancy stream processing made operationally mundane,Go,8635,933,8635,4,8.3964,false,false
2026-04-16,2026-04-16T17:20:15Z,37,risingwavelabs/risingwave,risingwavelabs,risingwave,https://github.com/risingwavelabs/risingwave,"Event streaming platform for agentic AI. Continuously ingest, transform, and serve event streams in real time, at scale.",Rust,8933,755,8933,4,8.3567,false,false
2026-04-16,2026-04-16T17:20:13Z,39,apache/pinot,apache,pinot,https://github.com/apache/pinot,Apache Pinot - A realtime distributed OLAP datastore,Java,6059,1462,6059,4,8.2831,false,false
2026-04-16,2026-04-16T17:20:13Z,40,growthbook/growthbook,growthbook,growthbook,https://github.com/growthbook/growthbook,"Open Source Feature Flags, Experimentation, and Product Analytics",TypeScript,7659,723,7659,4,8.2361,false,false
2026-04-16,2026-04-16T17:20:15Z,41,cloudquery/cloudquery,cloudquery,cloudquery,https://github.com/cloudquery/cloudquery,"Data pipelines for cloud config and security data. Build cloud asset inventory, CSPM, FinOps, and vulnerability management solutions. Extract from AWS, Azure, GCP, and 70+ cloud and SaaS sources.",Go,6372,547,6372,4,8.0238,false,false
2026-04-16,2026-04-16T19:59:10Z,52,lukasmasuch/best-of-python,lukasmasuch,best-of-python,https://github.com/lukasmasuch/best-of-python,🏆 A ranked list of awesome Python open-source libraries and tools. Updated weekly.,Unknown,4421,325,4421,4,7.6121,false,false
2026-04-16,2026-04-16T17:20:13Z,58,dathere/qsv,dathere,qsv,https://github.com/dathere/qsv,Blazing-fast Data-Wrangling toolkit,Rust,3597,104,3597,4,7.1279,false,false
2026-04-16,2026-04-16T19:59:09Z,81,catalyst-cooperative/pudl,catalyst-cooperative,pudl,https://github.com/catalyst-cooperative/pudl,"The Public Utility Data Liberation Project provides analysis-ready energy system data to climate advocates, researchers, policymakers, and journalists.",Python,581,133,581,4,5.9259,false,false
2026-04-16,2026-04-16T19:59:05Z,83,PostHog/posthog-foss,PostHog,posthog-foss,https://github.com/PostHog/posthog-foss,"PostHog FOSS is a read-only mirror of PostHog, with all proprietary code removed. NOTE: This repo is synced automatically from the main PostHog repo. Please raise any issues and PRs there.",Python,474,95,474,4,5.6836,false,false
2026-04-16,2026-04-16T17:20:08Z,84,ClickHouse/dbt-clickhouse,ClickHouse,dbt-clickhouse,https://github.com/ClickHouse/dbt-clickhouse,The Clickhouse plugin for dbt (data build tool),Python,338,163,338,22,5.6082,false,false
2026-04-16,2026-04-16T19:59:05Z,88,LessUp/awesome-cursorrules-zh,LessUp,awesome-cursorrules-zh,https://github.com/LessUp/awesome-cursorrules-zh,💻✨专为中文开发者优化的 Cursor AI 编程规则集合,CSS,161,20,161,4,4.4747,false,false
2026-04-16,2026-04-16T19:59:07Z,121,Nageshn10/databricks-medallion-etl-pipeline,Nageshn10,databricks-medallion-etl-pipeline,https://github.com/Nageshn10/databricks-medallion-etl-pipeline,"End-to-end Databricks Medallion ETL pipeline (Bronze → Silver → Gold) with CRM & ERP datasets, Delta Lake, PySpark, and star schema modeling.",Unknown,1,0,1,4,0.4852,false,false
2026-04-16,2026-04-16T19:59:10Z,155,Amiraelhoufy/microsoft-fabric-labs,Amiraelhoufy,microsoft-fabric-labs,https://github.com/Amiraelhoufy/microsoft-fabric-labs,This repository contains my hands-on practice and tasks while learning Microsoft Fabric Spark (Data Engineering).,Jupyter Notebook,0,0,0,4,0,false,false
2026-04-16,2026-04-16T19:59:07Z,208,PhamAnhQuoc-HTTT/olist-data-warehouse,PhamAnhQuoc-HTTT,olist-data-warehouse,https://github.com/PhamAnhQuoc-HTTT/olist-data-warehouse,"Mini Data Warehouse & ETL Pipeline for Olist Brazilian E-Commerce dataset. Star Schema design, Python ETL, PostgreSQL, SQL analytics.",Jupyter Notebook,0,0,0,4,0,false,false
2026-04-16,2026-04-16T19:59:05Z,247,bbergmann4/chi_inspections,bbergmann4,chi_inspections,https://github.com/bbergmann4/chi_inspections,Data Engineering Zoomcamp 2026 Project,Python,0,0,0,4,0,false,false
2026-04-16,2026-04-16T19:59:09Z,254,chanakaekanayaka/Ecommerce-Sales-End-to-End-BI-Solution,chanakaekanayaka,Ecommerce-Sales-End-to-End-BI-Solution,https://github.com/chanakaekanayaka/Ecommerce-Sales-End-to-End-BI-Solution,"This project demonstrates a complete Business Intelligence workflow, from designing a Data Warehouse to creating interactive dashboards. It uses a fictional e-commerce dataset to derive actionable business insights.",TSQL,0,0,0,4,0,false,false
2026-04-16,2026-04-16T19:59:10Z,282,huynhtai22/monstera-cloud,huynhtai22,monstera-cloud,https://github.com/huynhtai22/monstera-cloud,,TypeScript,0,0,0,4,0,false,false
2026-04-16,2026-04-16T17:20:16Z,283,iam-Kishor/data-warehouse-project,iam-Kishor,data-warehouse-project,https://github.com/iam-Kishor/data-warehouse-project,"SQL Server Data Warehouse project implementing Medallion Architecture with end-to-end ETL pipeline, data cleaning, and star schema modeling for analytics.",TSQL,0,0,0,13,0,false,false
2026-04-16,2026-04-16T19:59:08Z,292,kevin8818288-arch/Data-Management-and-Business-Strategy-Project--DVD-Rental-Company,kevin8818288-arch,Data-Management-and-Business-Strategy-Project--DVD-Rental-Company,https://github.com/kevin8818288-arch/Data-Management-and-Business-Strategy-Project--DVD-Rental-Company,,Unknown,0,0,0,4,0,false,false
2026-04-16,2026-04-16T19:59:08Z,293,konswe/konswe,konswe,konswe,https://github.com/konswe/konswe,Config files for my GitHub profile.,Unknown,0,0,0,4,0,false,false
2026-04-16,2026-04-16T19:59:09Z,294,lauosgom/llamatel-crisis-lifeline-pipeline,lauosgom,llamatel-crisis-lifeline-pipeline,https://github.com/lauosgom/llamatel-crisis-lifeline-pipeline,Repository to host the final project of the Data Engineering Zoomcamp,Python,0,0,0,4,0,false,false
2026-04-16,2026-04-16T19:59:06Z,312,pkurri/crucible,pkurri,crucible,https://github.com/pkurri/crucible,,HTML,0,0,0,4,0,false,false
2026-04-16,2026-04-16T19:59:07Z,335,sujalghodke79-hash/renewal-intelligence-engine,sujalghodke79-hash,renewal-intelligence-engine,https://github.com/sujalghodke79-hash/renewal-intelligence-engine,,Python,0,0,0,4,0,false,false
2026-04-16,2026-04-16T17:20:16Z,347,xTx396/Evident,xTx396,Evident,https://github.com/xTx396/Evident,Evidence processing & chain of custody SaaS — monorepo,TypeScript,0,0,0,4,0,false,false
2026-04-16,2026-04-16T19:59:08Z,348,yanderakesh/sql_data_warehouse_project,yanderakesh,sql_data_warehouse_project,https://github.com/yanderakesh/sql_data_warehouse_project,"Building a modern data warehouse with Mysql , including ETL processes , data modeling and analytics . ",Unknown,0,0,0,4,0,false,false
2026-03-31,2026-03-31T13:37:05Z,182,Grajeevgithub/nyc-taxi-pipeline,Grajeevgithub,nyc-taxi-pipeline,https://github.com/Grajeevgithub/nyc-taxi-pipeline,,Python,0,0,0,20,0,false,false
2026-03-31,2026-03-31T13:37:06Z,238,anormanangel/personal-finance-dashboard,anormanangel,personal-finance-dashboard,https://github.com/anormanangel/personal-finance-dashboard,Personal income and expense analytics dashboard built with Streamlit,Python,0,0,0,20,0,false,false
2026-03-31,2026-03-31T13:37:07Z,249,biggymuticha/ev-market-intelligence-pipeline,biggymuticha,ev-market-intelligence-pipeline,https://github.com/biggymuticha/ev-market-intelligence-pipeline,"End-to-end serverless data lakehouse for global EV market intelligence. Built with a Medallion architecture using AWS (S3, Glue, Athena), Terraform for IaC, dbt for transformations, and Bruin for orchestration",Shell,0,0,0,20,0,false,false
2026-03-31,2026-03-31T13:37:07Z,259,dmalik0806/snowflake_dwh_project_1.0,dmalik0806,snowflake_dwh_project_1.0,https://github.com/dmalik0806/snowflake_dwh_project_1.0,"Creating data warehouse in snowflake and utilizing snowpipe, streams and tasks to ingest data in reporting layer",Unknown,0,0,0,20,0,false,false
2026-03-31,2026-03-31T13:37:06Z,270,filarial-gauntlet752/full-funnel-ai-analytics,filarial-gauntlet752,full-funnel-ai-analytics,https://github.com/filarial-gauntlet752/full-funnel-ai-analytics,"Track full-funnel AI marketing analytics with dbt, BigQuery, Snowflake, and DuckDB for clear, end-to-end campaign insights",Python,0,0,0,20,0,false,false
2026-03-31,2026-03-31T13:37:06Z,284,icygiant/qic_task,icygiant,qic_task,https://github.com/icygiant/qic_task,,Jupyter Notebook,0,0,0,20,0,false,false
2026-03-31,2026-03-31T13:37:05Z,307,narathipg/wv-child-development-sql,narathipg,wv-child-development-sql,https://github.com/narathipg/wv-child-development-sql,"SQL portfolio project — UNICEF child development indicators for 7 SE Asian countries (Star Schema, 16 queries)",Python,0,0,0,20,0,false,false
2026-03-31,2026-03-31T13:37:07Z,321,rhartzell-tyler/AWS-Lab-Notes,rhartzell-tyler,AWS-Lab-Notes,https://github.com/rhartzell-tyler/AWS-Lab-Notes,This is a place to store lab notes in markdown form.,Unknown,0,0,0,20,0,false,false
2026-03-29,2026-03-29T12:44:41Z,9,juspay/hyperswitch,juspay,hyperswitch,https://github.com/juspay/hyperswitch,"An open source payments switch written in Rust to make payments fast, reliable and affordable",Rust,41764,4577,41764,22,9.9766,false,false
2026-03-29,2026-03-29T11:33:11Z,31,spring-projects/spring-ai,spring-projects,spring-ai,https://github.com/spring-projects/spring-ai,An Application Framework for AI Engineering,Java,8338,2396,8338,24,8.6547,false,false
2026-03-29,2026-03-29T11:32:45Z,80,superiorlu/AITreasureBox,superiorlu,AITreasureBox,https://github.com/superiorlu/AITreasureBox,"🤖 Automatically collected AI repos, tools, websites, papers & tutorials. 实用AI百宝箱 💎",Ruby,755,108,755,22,6.047,false,false
2026-03-29,2026-03-29T11:33:12Z,86,OWOX/owox-data-marts,OWOX,owox-data-marts,https://github.com/OWOX/owox-data-marts,Open-Source Self-Service Analytics Platform,TypeScript,217,30,217,23,4.7993,false,false
2026-03-29,2026-03-29T11:33:13Z,92,ambicuity/New-Grad-Jobs,ambicuity,New-Grad-Jobs,https://github.com/ambicuity/New-Grad-Jobs,"Welcome to New-Grad Jobs, a curated repository designed to help recent college graduates discover job opportunities, prepare for their job search, and navigate the early stages of their careers.",Python,16,25,16,22,2.9607,false,false
2026-03-29,2026-03-29T12:44:47Z,94,ministryofjustice/analytical-platform,ministryofjustice,analytical-platform,https://github.com/ministryofjustice/analytical-platform,Analytical Platform • This repository is defined and managed in Terraform,HCL,21,9,21,24,2.8545,false,false
2026-03-29,2026-03-29T12:44:45Z,95,didtheyghostme/Singapore-Summer2026-TechInternships,didtheyghostme,Singapore-Summer2026-TechInternships,https://github.com/didtheyghostme/Singapore-Summer2026-TechInternships,🇸🇬 Summer 2026 Tech Internships - Singapore SG 🇸🇬,Unknown,35,2,35,23,2.838,false,false
2026-03-29,2026-03-29T16:05:09Z,97,ralfbecher/orionbelt-semantic-layer,ralfbecher,orionbelt-semantic-layer,https://github.com/ralfbecher/orionbelt-semantic-layer,"API-first semantic engine and query planner for AI agents that compiles declarative YAML models into optimized, dialect-specific SQL across BigQuery, PostgreSQL, Snowflake, ClickHouse, Dremio, Databricks, DuckDB, and MySQL.",Python,23,3,23,22,2.6405,false,false
2026-03-29,2026-03-29T14:48:42Z,99,BulloRosso/etienne,BulloRosso,etienne,https://github.com/BulloRosso/etienne,Coding Agent Harness for custom AI agents,TypeScript,19,2,19,22,2.4266,false,false
2026-03-29,2026-03-29T12:44:47Z,101,baekenough/oh-my-customcode,baekenough,oh-my-customcode,https://github.com/baekenough/oh-my-customcode,oh-my-zsh style customization framework for Claude Code,TypeScript,10,2,10,22,2.0081,false,false
2026-03-29,2026-03-29T12:44:42Z,102,Siddhanth2509/EYE-ASSISST,Siddhanth2509,EYE-ASSISST,https://github.com/Siddhanth2509/EYE-ASSISST,"Real-time eye disease detection system with ONNX/TorchScript model export, FastAPI inference server, and Grad-CAM explainability. Includes webcam and batch prediction tools, production-ready architecture, and support for future active learning and online model updates.",Jupyter Notebook,4,0,4,22,1.1266,false,false
2026-03-29,2026-03-29T11:33:07Z,105,Git-Enthusiast/Data-Engineering,Git-Enthusiast,Data-Engineering,https://github.com/Git-Enthusiast/Data-Engineering,"A single, opinionated learning path and starter repo for a beginner-to-intern-ready AI/ML engineer. Tailored for fresh graduates and self-learners who know basic Python and programming fundamentals.",Jupyter Notebook,2,1,2,24,0.977,false,false
2026-03-29,2026-03-29T12:44:43Z,106,aminzayer/aminzayer,aminzayer,aminzayer,https://github.com/aminzayer/aminzayer,Amin Zayeromali Github Profile,Unknown,3,0,3,22,0.9704,false,false
2026-03-29,2026-03-29T14:48:44Z,108,dpejcoch/4IZ562,dpejcoch,4IZ562,https://github.com/dpejcoch/4IZ562,Data Quality Management course,HTML,1,4,1,22,0.968,false,false
2026-03-29,2026-03-29T12:44:48Z,111,karljackson1988/Transport_For_London,karljackson1988,Transport_For_London,https://github.com/karljackson1988/Transport_For_London,,Python,2,0,2,22,0.769,false,false
2026-03-29,2026-03-29T12:44:49Z,113,Noor-ali-web/AIML-Engineering-Mastery-Kit,Noor-ali-web,AIML-Engineering-Mastery-Kit,https://github.com/Noor-ali-web/AIML-Engineering-Mastery-Kit,"🚀 Master AI/ML/Data Engineering with 176 Jupyter notebooks, guiding you from basics to real-world projects using semiconductor data for practical learning.",Jupyter Notebook,1,1,1,22,0.6931,false,false
2026-03-29,2026-03-29T11:33:09Z,114,dhs-coder/databricks_bootcamp_2026,dhs-coder,databricks_bootcamp_2026,https://github.com/dhs-coder/databricks_bootcamp_2026,"🔍 Build your skills with a complete Data Lakehouse implementation on Databricks, featuring datasets, notebooks, and practical exercises for modern data analytics.",Jupyter Notebook,1,1,1,22,0.6931,false,false
2026-03-29,2026-03-29T11:33:16Z,115,AHAMMADALI46/AHAMMADALI46,AHAMMADALI46,AHAMMADALI46,https://github.com/AHAMMADALI46/AHAMMADALI46,Config files for my GitHub profile.,Unknown,1,0,1,24,0.4852,false,false
2026-03-29,2026-03-29T11:33:10Z,116,CodeWithBehnam/cc-docs,CodeWithBehnam,cc-docs,https://github.com/CodeWithBehnam/cc-docs,"Auto-updated mirror of Claude Code documentation from code.claude.com, refreshed every hour via GitHub Actions",Python,1,0,1,22,0.4852,false,false
2026-03-29,2026-03-29T11:32:45Z,120,Leehyeon-deok/data-engineering-study,Leehyeon-deok,data-engineering-study,https://github.com/Leehyeon-deok/data-engineering-study,,Python,1,0,1,23,0.4852,false,false
2026-03-29,2026-03-29T11:33:16Z,122,Sandeeprdy1729/skill_galaxy,Sandeeprdy1729,skill_galaxy,https://github.com/Sandeeprdy1729/skill_galaxy,,JavaScript,1,0,1,22,0.4852,false,false
2026-03-29,2026-03-29T11:33:08Z,125,anmolp1/anmolp1,anmolp1,anmolp1,https://github.com/anmolp1/anmolp1,,Python,1,0,1,22,0.4852,false,false
2026-03-29,2026-03-29T11:33:18Z,127,claygeo/claygeo,claygeo,claygeo,https://github.com/claygeo/claygeo,,Unknown,1,0,1,23,0.4852,false,false
2026-03-29,2026-03-29T11:33:10Z,130,felipealfonsog/felipealfonsog,felipealfonsog,felipealfonsog,https://github.com/felipealfonsog/felipealfonsog,"Journey through the cryptic corridors of code. Unravel the secrets encoded in the shadows. Welcome to the realm where algorithms whisper in binary tongues. Dare to explore, for within lies the essence of innovation.",Python,1,0,1,22,0.4852,false,false
2026-03-29,2026-03-29T11:33:08Z,132,franciellivalerio/franciellivalerio,franciellivalerio,franciellivalerio,https://github.com/franciellivalerio/franciellivalerio,,Unknown,1,0,1,24,0.4852,false,false
2026-03-29,2026-03-29T11:33:07Z,136,likemcode/likemcode,likemcode,likemcode,https://github.com/likemcode/likemcode,,D2,1,0,1,22,0.4852,false,false
2026-03-29,2026-03-29T11:33:09Z,139,zapanss/End-to-End-ELT-Data-Pipeline-with-Databricks-Delta-Lake-DLT-dbt-Ready-Gold-Models,zapanss,End-to-End-ELT-Data-Pipeline-with-Databricks-Delta-Lake-DLT-dbt-Ready-Gold-Models,https://github.com/zapanss/End-to-End-ELT-Data-Pipeline-with-Databricks-Delta-Lake-DLT-dbt-Ready-Gold-Models,"🚀 Build a production-ready ELT data pipeline on Databricks, leveraging Delta Lake and DLT for efficient data ingestion, transformation, and modeling.",Jupyter Notebook,1,0,1,22,0.4852,false,false
2026-03-29,2026-03-29T11:33:17Z,140,KChand1/covid19-data-engineering,KChand1,covid19-data-engineering,https://github.com/KChand1/covid19-data-engineering,,Python,0,2,0,22,0.3296,false,false
2026-03-29,2026-03-29T12:44:48Z,143,Vijay199895/ecommerce-reporting-etl,Vijay199895,ecommerce-reporting-etl,https://github.com/Vijay199895/ecommerce-reporting-etl,"🛠️ Automate business metrics generation for NovaMart's e-commerce, transforming raw data into actionable insights with rapid processing times.",Python,0,1,0,22,0.2079,false,false
2026-03-29,2026-03-29T11:33:05Z,144,acharya-pratik/Python_mini_project,acharya-pratik,Python_mini_project,https://github.com/acharya-pratik/Python_mini_project,,Jupyter Notebook,0,1,0,24,0.2079,false,false
2026-03-29,2026-03-29T12:44:46Z,145,matteotoutain/ECM_2526_FinalProject,matteotoutain,ECM_2526_FinalProject,https://github.com/matteotoutain/ECM_2526_FinalProject,,Python,0,1,0,22,0.2079,false,false
2026-03-29,2026-03-29T12:44:44Z,146,phong232323/Oracle-SnowFlake-Migration-DBt,phong232323,Oracle-SnowFlake-Migration-DBt,https://github.com/phong232323/Oracle-SnowFlake-Migration-DBt,"🚀 Migrate data from Oracle to Snowflake using Azure Data Factory and dbt for a seamless, modern data stack solution in retail analytics.",PowerShell,0,1,0,22,0.2079,false,false
2026-03-29,2026-03-29T12:44:44Z,147,ssriramteja/Indeed_job_scrapper_ai,ssriramteja,Indeed_job_scrapper_ai,https://github.com/ssriramteja/Indeed_job_scrapper_ai,,Python,0,1,0,22,0.2079,false,false
2026-03-29,2026-03-29T11:32:46Z,152,AladdinGh/Social-Media-Engagement-Analytics-Pipeline,AladdinGh,Social-Media-Engagement-Analytics-Pipeline,https://github.com/AladdinGh/Social-Media-Engagement-Analytics-Pipeline,Social-Media-Engagement-Analytics-Pipeline,Python,0,0,0,24,0,false,false
2026-03-29,2026-03-29T11:33:17Z,153,AlexanderShields4/AlexanderShields4,AlexanderShields4,AlexanderShields4,https://github.com/AlexanderShields4/AlexanderShields4,,Unknown,0,0,0,24,0,false,false
2026-03-29,2026-03-29T11:33:08Z,159,AqeelMadhi/SentimentOps,AqeelMadhi,SentimentOps,https://github.com/AqeelMadhi/SentimentOps,"End-to-end NLP pipeline with medallion architecture, MLOps, and REST API serving for sentiment classification on Amazon review data.",Jupyter Notebook,0,0,0,24,0,false,false
2026-03-29,2026-03-29T11:33:04Z,160,ArielSoothy/Data-Engineering,ArielSoothy,Data-Engineering,https://github.com/ArielSoothy/Data-Engineering,,TypeScript,0,0,0,23,0,false,false
2026-03-29,2026-03-29T11:33:15Z,164,BharadwajMakamgit/BharadwajMakamgit,BharadwajMakamgit,BharadwajMakamgit,https://github.com/BharadwajMakamgit/BharadwajMakamgit,,Unknown,0,0,0,24,0,false,false
2026-03-29,2026-03-29T14:48:43Z,166,Cemputus/NextGen-Data-Architects-Project,Cemputus,NextGen-Data-Architects-Project,https://github.com/Cemputus/NextGen-Data-Architects-Project,,Python,0,0,0,22,0,false,false
2026-03-29,2026-03-29T11:33:14Z,167,CodeVizk/olist-ecommerce-pyspark,CodeVizk,olist-ecommerce-pyspark,https://github.com/CodeVizk/olist-ecommerce-pyspark,,Jupyter Notebook,0,0,0,23,0,false,false
2026-03-29,2026-03-29T11:33:10Z,172,DominikaDrazyk/DataAnalysis_eCommerce_Audit,DominikaDrazyk,DataAnalysis_eCommerce_Audit,https://github.com/DominikaDrazyk/DataAnalysis_eCommerce_Audit,"This audit examines the logistical resilience and market dynamics of the Brazilian e-commerce platform Olist by identifying systemic financial risks. I analyze the distribution of revenue across regional hubs, merchants and categories to establish whether the platform's rapid growth outpaces its operational infrastructure.",SQL,0,0,0,24,0,false,false
2026-03-29,2026-03-29T22:09:46Z,173,ElSayed-Fathi/ElectronicsRetailDWH,ElSayed-Fathi,ElectronicsRetailDWH,https://github.com/ElSayed-Fathi/ElectronicsRetailDWH,Global Electronics Retailer Data Engineering Project ,Python,0,0,0,22,0,false,false
2026-03-29,2026-03-29T11:33:18Z,174,Elias-Abebe-Gasparini/PQID-Dataset,Elias-Abebe-Gasparini,PQID-Dataset,https://github.com/Elias-Abebe-Gasparini/PQID-Dataset,Parallel Quantum Instruction Dataset (Qiskit & OPENQASM),Python,0,0,0,24,0,false,false
2026-03-29,2026-03-29T11:33:11Z,177,Faheem63/Faheem63,Faheem63,Faheem63,https://github.com/Faheem63/Faheem63,,Unknown,0,0,0,24,0,false,false
2026-03-29,2026-03-29T12:44:43Z,178,Federico-CM/ck2_mod,Federico-CM,ck2_mod,https://github.com/Federico-CM/ck2_mod,A mod I'm developing in my free time.,Lua,0,0,0,23,0,false,false
2026-03-29,2026-03-29T11:33:06Z,179,Feyiarmstrong/supplychain360,Feyiarmstrong,supplychain360,https://github.com/Feyiarmstrong/supplychain360,,Python,0,0,0,24,0,false,false
2026-03-29,2026-03-29T11:33:12Z,183,Gunnarguy/Gunnarguy-Portfolio,Gunnarguy,Gunnarguy-Portfolio,https://github.com/Gunnarguy/Gunnarguy-Portfolio,,HTML,0,0,0,22,0,false,false
2026-03-29,2026-03-29T14:41:53Z,192,Kerrisa/sql-data-warehouse-project,Kerrisa,sql-data-warehouse-project,https://github.com/Kerrisa/sql-data-warehouse-project,"Building a modern data warehouse with sql using ETL processes, data modelling and analytics",Unknown,0,0,0,22,0,false,false
2026-03-29,2026-03-29T11:33:05Z,194,LTepliakov/CurrencyRatingsHistory,LTepliakov,CurrencyRatingsHistory,https://github.com/LTepliakov/CurrencyRatingsHistory,,HTML,0,0,0,22,0,false,false
2026-03-29,2026-03-29T11:33:17Z,195,Luisarg03/Luisarg03,Luisarg03,Luisarg03,https://github.com/Luisarg03/Luisarg03,Config files for my GitHub profile.,Unknown,0,0,0,23,0,false,false
2026-03-29,2026-03-29T12:44:42Z,196,MFSaeedAI/MFSaeedAI,MFSaeedAI,MFSaeedAI,https://github.com/MFSaeedAI/MFSaeedAI,,Unknown,0,0,0,22,0,false,false
2026-03-29,2026-03-29T12:44:45Z,198,Margarita1286/Realtime-Data-Pipeline-Airflow-Kafka-Spark-Cassandra-Docker,Margarita1286,Realtime-Data-Pipeline-Airflow-Kafka-Spark-Cassandra-Docker,https://github.com/Margarita1286/Realtime-Data-Pipeline-Airflow-Kafka-Spark-Cassandra-Docker,"⚡ Build a scalable real-time data pipeline using Apache Airflow, Kafka, Spark, and Cassandra, all containerized with Docker for seamless deployment.",Python,0,0,0,22,0,false,false
2026-03-29,2026-03-29T11:33:07Z,199,MarketMind2207/azure-data-engineering,MarketMind2207,azure-data-engineering,https://github.com/MarketMind2207/azure-data-engineering,"🔄 Build scalable ETL pipelines on Azure using PySpark, transforming raw data into analytics-ready datasets with a focus on Medallion Architecture.",Jupyter Notebook,0,0,0,22,0,false,false
2026-03-29,2026-03-29T22:09:47Z,200,MartinCadez/OPB-projekt,MartinCadez,OPB-projekt,https://github.com/MartinCadez/OPB-projekt,⛁ Data Warehouse & 📊 Dash dashboard with financial data and shipping logistics visualizations,Python,0,0,0,22,0,false,false
2026-03-29,2026-03-29T22:09:45Z,201,Mattheusleite18/Matheus,Mattheusleite18,Matheus,https://github.com/Mattheusleite18/Matheus,,Unknown,0,0,0,22,0,false,false
2026-03-29,2026-03-29T11:33:19Z,204,NEU-Bio-Research-Team/Stress-Team,NEU-Bio-Research-Team,Stress-Team,https://github.com/NEU-Bio-Research-Team/Stress-Team,,Python,0,0,0,24,0,false,false
2026-03-29,2026-03-29T11:33:07Z,206,NekkiPUO/Project-Touch-Grass,NekkiPUO,Project-Touch-Grass,https://github.com/NekkiPUO/Project-Touch-Grass,"🌱 Analyze gaming data to uncover the ""Misery Index,"" revealing the hidden struggles of sports gamers and their time investment.",Jupyter Notebook,0,0,0,22,0,false,false
2026-03-29,2026-03-29T12:44:49Z,207,OJASIO/energy-ops,OJASIO,energy-ops,https://github.com/OJASIO/energy-ops,,Python,0,0,0,22,0,false,false
2026-03-29,2026-03-29T12:44:47Z,212,RamiroChoque/apollo-compliant-data-extractor,RamiroChoque,apollo-compliant-data-extractor,https://github.com/RamiroChoque/apollo-compliant-data-extractor,"📊 Extract contact and company data from Apollo.io using official APIs, ensuring compliance and generating clean CSV outputs efficiently.",Python,0,0,0,22,0,false,false
2026-03-29,2026-03-29T11:33:06Z,215,Soumitra86707/Soumitra86707,Soumitra86707,Soumitra86707,https://github.com/Soumitra86707/Soumitra86707,,Unknown,0,0,0,22,0,false,false
2026-03-29,2026-03-29T11:33:15Z,218,Srndraaaa/Srndraaaa,Srndraaaa,Srndraaaa,https://github.com/Srndraaaa/Srndraaaa,Profile,Unknown,0,0,0,24,0,false,false
2026-03-29,2026-03-29T11:33:09Z,219,TOmelchenko/Social-Media-Engagement-Analytics-Pipeline,TOmelchenko,Social-Media-Engagement-Analytics-Pipeline,https://github.com/TOmelchenko/Social-Media-Engagement-Analytics-Pipeline,,Python,0,0,0,24,0,false,false
2026-03-29,2026-03-29T11:33:19Z,223,Uday-hash-bit/Earthquake-Data-Engineering-Pipeline-on-Azure,Uday-hash-bit,Earthquake-Data-Engineering-Pipeline-on-Azure,https://github.com/Uday-hash-bit/Earthquake-Data-Engineering-Pipeline-on-Azure,🌍 Ingest and transform real-time earthquake data using Azure tools to deliver reliable analytics-ready datasets for insightful decision-making.,Jupyter Notebook,0,0,0,22,0,false,false
2026-03-29,2026-03-29T12:44:46Z,224,VSAB69/CodeCurry,VSAB69,CodeCurry,https://github.com/VSAB69/CodeCurry,,TypeScript,0,0,0,24,0,false,false
2026-03-29,2026-03-29T12:44:48Z,227,YounisAnis/Real_world_projects,YounisAnis,Real_world_projects,https://github.com/YounisAnis/Real_world_projects,"Data engineering constitutes 70% of the effort; while model execution is straightforward, the true skill lies in diagnosing and rectifying data issues.",Jupyter Notebook,0,0,0,24,0,false,false
2026-03-29,2026-03-29T11:33:18Z,228,Yusita01/Railway-Data-Engineering-Analytics,Yusita01,Railway-Data-Engineering-Analytics,https://github.com/Yusita01/Railway-Data-Engineering-Analytics,"🚆 Analyze railway operational data to uncover insights, trends, and patterns for improved decision-making and efficient operational planning.",Jupyter Notebook,0,0,0,22,0,false,false
2026-03-29,2026-03-29T11:33:16Z,230,adjdkjask/iot-etl-pipeline,adjdkjask,iot-etl-pipeline,https://github.com/adjdkjask/iot-etl-pipeline,"🌐 Streamline IoT data processing with this ETL pipeline, enabling real-time analytics and anomaly detection for smart manufacturing environments.",Python,0,0,0,22,0,false,false
2026-03-29,2026-03-29T11:33:05Z,231,aimtechs2-collab/aimtutor,aimtechs2-collab,aimtutor,https://github.com/aimtechs2-collab/aimtutor,"AIMTutor.ai is an industry-focused learning platform offering hands-on courses in Artificial Intelligence, Machine Learning, and Data domains, designed to help learners build real-world projects and become job-ready.",JavaScript,0,0,0,23,0,false,false
2026-03-29,2026-03-29T11:32:46Z,232,airamifta/Docker-Compose-DataEngineering,airamifta,Docker-Compose-DataEngineering,https://github.com/airamifta/Docker-Compose-DataEngineering,"End-to-end ETL pipeline with Python, MySQL, and Docker Compose.",Python,0,0,0,24,0,false,false
2026-03-29,2026-03-29T12:44:43Z,241,areekaaijaz123/areekaaijaz123,areekaaijaz123,areekaaijaz123,https://github.com/areekaaijaz123/areekaaijaz123,,Unknown,0,0,0,24,0,false,false
2026-03-29,2026-03-29T14:48:43Z,250,borokoromara/sql-data-warehouse-project,borokoromara,sql-data-warehouse-project,https://github.com/borokoromara/sql-data-warehouse-project,"Build a modern data warehouse with SQL Server, including ETL processes, data modeling and analytics.",TSQL,0,0,0,22,0,false,false
2026-03-29,2026-03-29T11:32:45Z,255,cikafeee/algorithmic-trading-backtest,cikafeee,algorithmic-trading-backtest,https://github.com/cikafeee/algorithmic-trading-backtest,"📊 Analyze and validate trading strategies with a high-performance backtesting engine using PySpark, processing thousands of backtests on real market data.",Jupyter Notebook,0,0,0,22,0,false,false
2026-03-29,2026-03-29T22:09:46Z,258,dboyraz/NYC-Taxi-Data-Pipeline,dboyraz,NYC-Taxi-Data-Pipeline,https://github.com/dboyraz/NYC-Taxi-Data-Pipeline,"End-to-end NYC taxi data pipeline on GCP (Prefect, dbt, BigQuery, Looker Studio)",Python,0,0,0,22,0,false,false
2026-03-29,2026-03-29T22:09:46Z,260,doberoi21/api-data-pipeline,doberoi21,api-data-pipeline,https://github.com/doberoi21/api-data-pipeline,,Python,0,0,0,22,0,false,false
2026-03-29,2026-03-29T14:41:53Z,262,dreynow/onlymetrix,dreynow,onlymetrix,https://github.com/dreynow/onlymetrix,Your agent doesn't write SQL. Your data team does. The agent just picks which metric to run,Rust,0,0,0,22,0,false,false
2026-03-29,2026-03-29T11:32:46Z,263,ehoil-de/bmw_sales_data_pipeline,ehoil-de,bmw_sales_data_pipeline,https://github.com/ehoil-de/bmw_sales_data_pipeline,I'm gonna build bmw sales data pipeline with bmw_global_sales_2018_2025 from kaggle's open data.,Python,0,0,0,24,0,false,false
2026-03-29,2026-03-29T22:09:47Z,267,eugen-goebel/eugen-goebel,eugen-goebel,eugen-goebel,https://github.com/eugen-goebel/eugen-goebel,GitHub profile,Unknown,0,0,0,22,0,false,false
2026-03-29,2026-03-29T11:33:14Z,272,fuzenblue/fuzenblue,fuzenblue,fuzenblue,https://github.com/fuzenblue/fuzenblue,,Unknown,0,0,0,24,0,false,false
2026-03-29,2026-03-29T11:33:14Z,273,fylypas/email_reporting_system,fylypas,email_reporting_system,https://github.com/fylypas/email_reporting_system,"📧 Automate email data processing to generate insightful reports on marketing performance across platforms, enhancing decision-making for stakeholders.",Python,0,0,0,22,0,false,false
2026-03-29,2026-03-29T12:44:46Z,274,gideonlexy/sql-analytics,gideonlexy,sql-analytics,https://github.com/gideonlexy/sql-analytics,This repository contains SQL problems I solved to strengthen Analytics and Data engineering.,Unknown,0,0,0,23,0,false,false
2026-03-29,2026-03-29T11:32:47Z,275,golisanjay/PySpark-HR-Data-Pipeline-project,golisanjay,PySpark-HR-Data-Pipeline-project,https://github.com/golisanjay/PySpark-HR-Data-Pipeline-project,"🔍 Build a robust ETL pipeline with PySpark to process HR employee data, enabling insightful analytics and efficient workforce management.",Jupyter Notebook,0,0,0,22,0,false,false
2026-03-29,2026-03-29T11:32:44Z,276,haii1234/Pancake,haii1234,Pancake,https://github.com/haii1234/Pancake,,Python,0,0,0,23,0,false,false
2026-03-29,2026-03-29T14:48:42Z,277,harsh-mish/SQL-DataWarehouse-Project,harsh-mish,SQL-DataWarehouse-Project,https://github.com/harsh-mish/SQL-DataWarehouse-Project,"Building a Modern Data Warehouse with SQL Server, including ETL process, data modelling and analytics.",TSQL,0,0,0,22,0,false,false
2026-03-29,2026-03-29T12:44:42Z,278,hazri31/enterprise-data-platform-aws,hazri31,enterprise-data-platform-aws,https://github.com/hazri31/enterprise-data-platform-aws,📊 Build a scalable and reliable event-driven data platform on AWS for batch and streaming ingestion with strong governance and SLAs.,Python,0,0,0,22,0,false,false
2026-03-29,2026-03-29T11:33:13Z,285,irfankhanowaisi/awesome-greek-tech-jobs,irfankhanowaisi,awesome-greek-tech-jobs,https://github.com/irfankhanowaisi/awesome-greek-tech-jobs,"🌐 Discover tech job opportunities in Greece with detailed listings of companies, work policies, and direct links to their career pages.",HTML,0,0,0,22,0,false,false
2026-03-29,2026-03-29T14:41:52Z,286,irppanpilihanrambe/data-pipeline-etl,irppanpilihanrambe,data-pipeline-etl,https://github.com/irppanpilihanrambe/data-pipeline-etl,,Python,0,0,0,22,0,false,false
2026-03-29,2026-03-29T11:33:15Z,287,jaatboss/-YouTube-Trending-Analytics-Real-Time-Data-Engineering-Pipeline,jaatboss,-YouTube-Trending-Analytics-Real-Time-Data-Engineering-Pipeline,https://github.com/jaatboss/-YouTube-Trending-Analytics-Real-Time-Data-Engineering-Pipeline,"📊 Build a real-time data pipeline for YouTube trending analytics using Kafka, Spark, and Airflow for efficient processing and insightful visualizations.",Python,0,0,0,22,0,false,false
2026-03-29,2026-03-29T12:44:44Z,299,mauriciofh123/mauriciofh123,mauriciofh123,mauriciofh123,https://github.com/mauriciofh123/mauriciofh123,Mi portada de perfil,Unknown,0,0,0,22,0,false,false
2026-03-29,2026-03-29T14:41:52Z,300,metz28/FinanceDashboard,metz28,FinanceDashboard,https://github.com/metz28/FinanceDashboard,dashboard for tracking your personal/buisness finances,Python,0,0,0,22,0,false,false
2026-03-29,2026-03-29T11:33:06Z,301,miske3346/research-company-data-engineering,miske3346,research-company-data-engineering,https://github.com/miske3346/research-company-data-engineering,"🌍 Build an ETL pipeline for research analytics, enabling vendor evaluation and carbon emissions forecasting with modern data engineering techniques.",PHP,0,0,0,22,0,false,false
2026-03-29,2026-03-29T11:33:10Z,303,muhammad-taha-munir/SQL-for-Data-Engineering,muhammad-taha-munir,SQL-for-Data-Engineering,https://github.com/muhammad-taha-munir/SQL-for-Data-Engineering,My SQL learning journey for Data Engineering using Microsoft SQL Server (T-SQL). Includes exercises and mini-projects organized by topic.,TSQL,0,0,0,23,0,false,false
2026-03-29,2026-03-29T11:32:45Z,308,nicolelwt731/nicolelwt731,nicolelwt731,nicolelwt731,https://github.com/nicolelwt731/nicolelwt731,Config files for my GitHub profile.,Unknown,0,0,0,24,0,false,false
2026-03-29,2026-03-29T11:33:13Z,309,njsgibson/religion-ontology-mapping,njsgibson,religion-ontology-mapping,https://github.com/njsgibson/religion-ontology-mapping,Metadata capture and integration pipeline for religion-related ontologies using SSSOM standards.,Jupyter Notebook,0,0,0,23,0,false,false
2026-03-29,2026-03-29T22:09:47Z,310,onsrk/SQL-Data-Warehouse-Project,onsrk,SQL-Data-Warehouse-Project,https://github.com/onsrk/SQL-Data-Warehouse-Project,"building a medern data warehouse with SQL Server ,including ETL processes ,Data modeling and analytics",Unknown,0,0,0,22,0,false,false
2026-03-29,2026-03-29T11:33:12Z,313,playitpat/playitpat,playitpat,playitpat,https://github.com/playitpat/playitpat,,Unknown,0,0,0,24,0,false,false
2026-03-29,2026-03-29T16:05:08Z,315,prajwal287/horizon-platform,prajwal287,horizon-platform,https://github.com/prajwal287/horizon-platform,,Python,0,0,0,22,0,false,false
2026-03-29,2026-03-29T22:09:45Z,323,roberkys/data-engineering-zoomcamp-project-github-activity-analytics,roberkys,data-engineering-zoomcamp-project-github-activity-analytics,https://github.com/roberkys/data-engineering-zoomcamp-project-github-activity-analytics,,HCL,0,0,0,22,0,false,false
2026-03-29,2026-03-29T22:09:45Z,327,saragh66/fraud-detection-platform,saragh66,fraud-detection-platform,https://github.com/saragh66/fraud-detection-platform,Real-time payment fraud detection pipeline | Kafka + Spark Streaming + BigQuery + dbt + Airflow + Streamlit | DE Zoomcamp 2025,Python,0,0,0,22,0,false,false
2026-03-29,2026-03-29T11:32:44Z,330,simran-715/SQL-Data-Warehouse-Project,simran-715,SQL-Data-Warehouse-Project,https://github.com/simran-715/SQL-Data-Warehouse-Project,"This project is a comprehensive guide from building a data warehouse  to generating actionable insights. Designed as a portfolio project, it highlights industry best practices in data engineering and analytics.",TSQL,0,0,0,24,0,false,false
2026-03-29,2026-03-29T11:33:14Z,333,subhamay-bhattacharyya/.github,subhamay-bhattacharyya,.github,https://github.com/subhamay-bhattacharyya/.github,A GitHub profile repository of Subhamay Bhattacharyya,HTML,0,0,0,22,0,false,false
2026-03-29,2026-03-29T12:44:45Z,338,taha-mehmood-03/Data_Science_Roles,taha-mehmood-03,Data_Science_Roles,https://github.com/taha-mehmood-03/Data_Science_Roles,Daily-updated collection of Data Science jobs from top companies,CSS,0,0,0,22,0,false,false
2026-03-29,2026-03-29T11:33:11Z,341,tshikositshifhiwa4-cmyk/tshikositshifhiwa4-cmyk,tshikositshifhiwa4-cmyk,tshikositshifhiwa4-cmyk,https://github.com/tshikositshifhiwa4-cmyk/tshikositshifhiwa4-cmyk,,Unknown,0,0,0,24,0,false,false
2026-03-29,2026-03-29T14:41:53Z,342,vijaygupta18/system-design-simulator,vijaygupta18,system-design-simulator,https://github.com/vijaygupta18/system-design-simulator,Interactive System Design Interview Simulator — practice designing distributed systems with real-time load simulation and scoring,TypeScript,0,0,0,22,0,false,false
2026-03-29,2026-03-29T11:33:04Z,349,yogisyahroni/TOOLS_BI,yogisyahroni,TOOLS_BI,https://github.com/yogisyahroni/TOOLS_BI,,TypeScript,0,0,0,22,0,false,false
2026-03-29,2026-03-29T14:41:52Z,350,yvkvijay/retail_analytics,yvkvijay,retail_analytics,https://github.com/yvkvijay/retail_analytics,POC on Integrating Airflow + DBT,Python,0,0,0,22,0,false,false
2026-03-28,2026-03-28T19:28:59Z,3,apache/airflow,apache,airflow,https://github.com/apache/airflow,"Apache Airflow - A platform to programmatically author, schedule, and monitor workflows",Python,44814,16779,44814,23,10.4156,false,false
2026-03-28,2026-03-28T19:29:10Z,5,GokuMohandas/Made-With-ML,GokuMohandas,Made-With-ML,https://github.com/GokuMohandas/Made-With-ML,"Learn how to develop, deploy and iterate on production-grade ML applications.",Jupyter Notebook,46993,7378,46993,47,10.2024,false,false
2026-03-28,2026-03-28T19:36:50Z,10,SimplifyJobs/Summer2026-Internships,SimplifyJobs,Summer2026-Internships,https://github.com/SimplifyJobs/Summer2026-Internships,Collection of Summer 2026 tech internships!,Python,43966,3167,43966,23,9.9021,false,false
2026-03-28,2026-03-28T19:29:18Z,14,CodePhiliaX/Chat2DB,CodePhiliaX,Chat2DB,https://github.com/CodePhiliaX/Chat2DB,"AI-driven database tool and SQL client, The hottest GUI client, supporting MySQL, Oracle, PostgreSQL, DB2, SQL Server, DB2, SQLite, H2, ClickHouse, and more.",Java,25294,2765,25294,29,9.4744,false,false
2026-03-28,2026-03-28T19:29:17Z,15,dubinc/dub,dubinc,dub,https://github.com/dubinc/dub,"The modern link attribution platform. Loved by world-class marketing teams like Framer, Perplexity, Superhuman, Twilio, Buffer and more.",TypeScript,23256,2908,23256,23,9.4307,false,false
2026-03-28,2026-03-28T19:29:17Z,18,plausible/analytics,plausible,analytics,https://github.com/plausible/analytics,"Simple, open source, lightweight and privacy-friendly web analytics alternative to Google Analytics.",Elixir,24482,1367,24482,25,9.2403,false,false
2026-03-28,2026-03-28T19:35:32Z,19,zhisheng17/flink-learning,zhisheng17,flink-learning,https://github.com/zhisheng17/flink-learning,flink learning blog. http://www.54tianzhisheng.cn/  含 Flink 入门、概念、原理、实战、性能调优、源码解析等内容。涉及 Flink Connector、Metrics、Library、DataStream API、Table API & SQL 等内容的学习案例，还有 Flink 落地应用的大型项目案例（PVUV、日志存储、百亿数据实时去重、监控告警）分享。欢迎大家支持我的专栏《大数据实时计算引擎 Flink 实战与性能优化》,Java,15058,3958,15058,42,9.2189,false,false
2026-03-28,2026-03-28T19:35:02Z,20,Tencent/APIJSON,Tencent,APIJSON,https://github.com/Tencent/APIJSON,"🏆 Real-Time no-code, powerful and secure ORM 🚀  providing APIs and Docs without coding by Backend, and Frontend(Client) can customize response JSONs 🏆 实时 零代码、全功能、强安全 ORM 库 🚀 后端接口和文档零代码，前端(客户端) 定制返回 JSON 的数据和结构",Java,18409,2274,18409,37,9.1934,false,false
2026-03-28,2026-03-28T19:29:01Z,21,Avaiga/taipy,Avaiga,taipy,https://github.com/Avaiga/taipy,Turns Data and AI algorithms into production-ready web applications in no time.,Python,19143,1969,19143,24,9.1776,false,false
2026-03-28,2026-03-28T19:29:12Z,22,andkret/Cookbook,andkret,Cookbook,https://github.com/andkret/Cookbook,The Data Engineering Cookbook,Python,15020,2704,15020,93,9.1029,false,false
2026-03-28,2026-03-28T19:36:51Z,25,SimplifyJobs/New-Grad-Positions,SimplifyJobs,New-Grad-Positions,https://github.com/SimplifyJobs/New-Grad-Positions,"A collection of full time roles in SWE, Quant, and PM for new grads.",Unknown,16567,1269,16567,23,8.9447,false,false
2026-03-28,2026-03-28T19:29:17Z,28,googleapis/genai-toolbox,googleapis,genai-toolbox,https://github.com/googleapis/genai-toolbox,MCP Toolbox for Databases is an open source MCP server for databases.,Go,13566,1290,13566,23,8.8097,false,false
2026-03-28,2026-03-28T19:29:02Z,30,great-expectations/great_expectations,great-expectations,great_expectations,https://github.com/great-expectations/great_expectations,Always know what to expect from your data.,Python,11299,1705,11299,24,8.7654,false,false
2026-03-28,2026-03-28T19:29:09Z,34,mage-ai/mage-ai,mage-ai,mage-ai,https://github.com/mage-ai/mage-ai,"🧙 Build, run, and manage data pipelines for integrating and transforming data.",Python,8690,950,8690,38,8.4063,false,false
2026-03-28,2026-03-28T19:29:00Z,36,xonsh/xonsh,xonsh,xonsh,https://github.com/xonsh/xonsh,"🐚 Python-powered shell. Full-featured, cross-platform and AI-friendly.",Python,9264,704,9264,23,8.3613,false,false
2026-03-28,2026-03-28T19:28:59Z,38,feast-dev/feast,feast-dev,feast,https://github.com/feast-dev/feast,The Open Source Feature Store for AI/ML,Python,6841,1253,6841,23,8.3218,false,false
2026-03-28,2026-03-28T19:29:04Z,42,cocoindex-io/cocoindex,cocoindex-io,cocoindex,https://github.com/cocoindex-io/cocoindex,"Data transformation framework for AI. Ultra performant, with incremental processing.  🌟 Star if you like it!",Rust,6656,483,6656,23,8.017,false,false
2026-03-28,2026-03-28T19:29:11Z,43,evidence-dev/evidence,evidence-dev,evidence,https://github.com/evidence-dev/evidence,"Business intelligence as code: build fast, interactive data visualizations in SQL and markdown",JavaScript,6109,332,6109,61,7.8448,false,false
2026-03-28,2026-03-28T19:29:04Z,44,dlt-hub/dlt,dlt-hub,dlt,https://github.com/dlt-hub/dlt,data load tool (dlt) is an open source Python library that makes data loading easy 🛠️ ,Python,5133,482,5133,23,7.8346,false,false
2026-03-28,2026-03-28T19:29:01Z,45,Eventual-Inc/Daft,Eventual-Inc,Daft,https://github.com/Eventual-Inc/Daft,"High-performance data engine for AI and multimodal workloads. Process images, audio, video, and structured data at any scale",Rust,5353,427,5353,23,7.8277,false,false
2026-03-28,2026-03-28T19:29:03Z,46,treeverse/lakeFS,treeverse,lakeFS,https://github.com/treeverse/lakeFS,lakeFS - Data version control for your data lake | Git for data,Go,5220,438,5220,23,7.8177,false,false
2026-03-28,2026-03-28T19:29:08Z,47,aws/aws-sdk-pandas,aws,aws-sdk-pandas,https://github.com/aws/aws-sdk-pandas,"pandas on AWS - Easy integration with Athena, Glue, Redshift, Timestream, Neptune, OpenSearch, QuickSight, Chime, CloudWatchLogs, DynamoDB, EMR, SecretManager, PostgreSQL, MySQL, SQLServer and S3 (Parquet, CSV, JSON and EXCEL).",Python,4106,722,4106,28,7.7993,false,false
2026-03-28,2026-03-28T19:29:14Z,48,Moataz-Elmesmary/Data-Science-Roadmap,Moataz-Elmesmary,Data-Science-Roadmap,https://github.com/Moataz-Elmesmary/Data-Science-Roadmap,Data Science Roadmap from A to Z,Unknown,4191,587,4191,135,7.7517,false,false
2026-03-28,2026-03-28T19:29:14Z,49,hemansnation/AI-Engineer-Headquarters,hemansnation,AI-Engineer-Headquarters,https://github.com/hemansnation/AI-Engineer-Headquarters,"A collection of scientific methods, processes, algorithms, and systems to build stories & models.",Jupyter Notebook,3663,701,3663,164,7.7106,false,false
2026-03-28,2026-03-28T19:29:06Z,50,ruc-datalab/DeepAnalyze,ruc-datalab,DeepAnalyze,https://github.com/ruc-datalab/DeepAnalyze,DeepAnalyze is the first agentic LLM for autonomous data science. 🎈你的AI数据分析师，自动分析大量数据，一键生成专业分析报告！,Python,3902,584,3902,23,7.7001,false,false
2026-03-28,2026-03-28T19:29:15Z,51,whoiskatrin/sql-translator,whoiskatrin,sql-translator,https://github.com/whoiskatrin/sql-translator,SQL Translator is a tool for converting natural language queries into SQL code using artificial intelligence. This project is 100% free and open source.,TypeScript,4312,377,4312,288,7.639,false,false
2026-03-28,2026-03-28T19:29:07Z,53,apache/incubator-devlake,apache,incubator-devlake,https://github.com/apache/incubator-devlake,"Apache DevLake is an open-source dev data platform to ingest, analyze, and visualize the fragmented data from DevOps tools, extracting insights for engineering excellence, developer experience, and community growth.",Go,2972,720,2972,28,7.5723,false,false
2026-03-28,2026-03-28T19:29:06Z,54,Netflix/maestro,Netflix,maestro,https://github.com/Netflix/maestro,Maestro: Netflix’s Workflow Orchestrator,Java,3742,268,3742,27,7.4378,false,false
2026-03-28,2026-03-28T19:29:16Z,55,decodingai-magazine/second-brain-ai-assistant-course,decodingai-magazine,second-brain-ai-assistant-course,https://github.com/decodingai-magazine/second-brain-ai-assistant-course,"Learn to build your Second Brain AI assistant with LLMs, agents, RAG, fine-tuning, LLMOps and AI systems techniques.",Jupyter Notebook,2595,466,2595,336,7.3471,false,false
2026-03-28,2026-03-28T19:29:10Z,56,superstreamlabs/memphis,superstreamlabs,memphis,https://github.com/superstreamlabs/memphis,Memphis.dev is a highly scalable and effortless data streaming platform,Go,3429,223,3429,49,7.3217,false,false
2026-03-28,2026-03-28T19:28:59Z,59,sodadata/soda-core,sodadata,soda-core,https://github.com/sodadata/soda-core,Data Contracts engine for the modern data stack. https://www.soda.io,Python,2314,259,2314,24,7.0912,false,false
2026-03-28,2026-03-28T19:29:11Z,60,GoogleCloudPlatform/data-science-on-gcp,GoogleCloudPlatform,data-science-on-gcp,https://github.com/GoogleCloudPlatform/data-science-on-gcp,"Source code accompanying book: Data Science on the Google Cloud Platform, Valliappa Lakshmanan, O'Reilly 2017",Jupyter Notebook,1424,729,1424,59,7.0613,false,false
2026-03-28,2026-03-28T19:29:02Z,61,meltano/meltano,meltano,meltano,https://github.com/meltano/meltano,"Meltano: the declarative code-first data integration engine that powers your wildest data and ML-powered product ideas. Say goodbye to writing, maintaining, and scaling your own API integrations.",Python,2394,205,2394,24,7.0452,false,false
2026-03-28,2026-03-28T19:29:13Z,62,OBenner/data-engineering-interview-questions,OBenner,data-engineering-interview-questions,https://github.com/OBenner/data-engineering-interview-questions,More than 2000+ Data engineer interview questions.,Python,1556,525,1556,97,7.025,false,false
2026-03-28,2026-03-28T19:29:07Z,63,apache/hamilton,apache,hamilton,https://github.com/apache/hamilton,"Apache Hamilton helps data scientists and engineers define testable, modular, self-documenting dataflows, that encode lineage/tracing and metadata. Runs and scales everywhere python does.",Jupyter Notebook,2441,176,2441,25,7.0132,false,false
2026-03-28,2026-03-28T19:29:11Z,64,data-engineering-community/data-engineering-wiki,data-engineering-community,data-engineering-wiki,https://github.com/data-engineering-community/data-engineering-wiki,The best place to learn data engineering. Built and maintained by the data engineering community.,CSS,1915,233,1915,24,6.9272,false,false
2026-03-28,2026-03-28T19:29:03Z,65,mlrun/mlrun,mlrun,mlrun,https://github.com/mlrun/mlrun,"MLRun is an open source MLOps platform for quickly building and managing continuous ML applications across their lifecycle. MLRun integrates into your development and CI/CD environment and automates the delivery of production data, ML pipelines, and online applications.",Python,1658,299,1658,23,6.9009,false,false
2026-03-28,2026-03-28T19:29:14Z,66,metarank/metarank,metarank,metarank,https://github.com/metarank/metarank,"A low code Machine Learning personalized ranking service for articles, listings, search results, recommendations that boosts user engagement. A friendly Learn-to-Rank engine",Scala,2410,108,2410,208,6.8589,false,false
2026-03-28,2026-03-28T19:29:00Z,67,rudderlabs/rudder-server,rudderlabs,rudder-server,https://github.com/rudderlabs/rudder-server,"Privacy and Security focused Segment-alternative, in Golang and React  ",Go,4379,23,4379,24,6.8228,false,false
2026-03-28,2026-03-28T19:29:09Z,68,Hiflylabs/awesome-dbt,Hiflylabs,awesome-dbt,https://github.com/Hiflylabs/awesome-dbt,A curated list of awesome dbt resources ,Unknown,1660,161,1660,42,6.7169,false,false
2026-03-28,2026-03-28T19:29:16Z,69,bytewax/bytewax,bytewax,bytewax,https://github.com/bytewax/bytewax,Python Stream Processing,Python,1964,107,1964,389,6.7129,false,false
2026-03-28,2026-03-28T19:29:09Z,70,pyjanitor-devs/pyjanitor,pyjanitor-devs,pyjanitor,https://github.com/pyjanitor-devs/pyjanitor,Clean APIs for data cleaning. Python implementation of R package Janitor,Python,1487,182,1487,23,6.6765,false,false
2026-03-28,2026-03-28T19:29:12Z,71,fmind/mlops-python-package,fmind,mlops-python-package,https://github.com/fmind/mlops-python-package,A comprehensive Python package template to kickstart and standardize your MLOps initiatives and data pipelines.,Jupyter Notebook,1402,200,1402,85,6.6634,false,false
2026-03-28,2026-03-28T19:29:07Z,72,opendatadiscovery/odd-platform,opendatadiscovery,odd-platform,https://github.com/opendatadiscovery/odd-platform,First open-source data discovery and observability platform. We make a life for data practitioners easy so you can focus on your business.,Java,1391,138,1391,31,6.5473,false,false
2026-03-28,2026-03-28T19:29:05Z,73,Multiwoven/multiwoven,Multiwoven,multiwoven,https://github.com/Multiwoven/multiwoven,🔥🔥🔥 Open source Reverse ETL -  alternative to hightouch and census. ,Ruby,1644,86,1644,25,6.5236,false,false
2026-03-28,2026-03-28T19:29:06Z,74,quixio/quix-streams,quixio,quix-streams,https://github.com/quixio/quix-streams,Python Streaming DataFrames for Kafka,Python,1529,99,1529,27,6.5147,false,false
2026-03-28,2026-03-28T20:51:39Z,75,xxxily/hello-ai,xxxily,hello-ai,https://github.com/xxxily/hello-ai,"It's not AI that takes away your job, but the people who master the use of AI tools. The most deadly attack is a dimension-reducing strike: destroying you has nothing to do with you - from ""The Three-Body Problem"".         中文说明： 抢走你工作的不是AI，而是掌握使用AI工具的人。 降维打击最为致命：毁灭你，与你何干《三体》",JavaScript,1284,120,1284,23,6.4497,false,false
2026-03-28,2026-03-28T19:29:05Z,76,quiltdata/quilt,quiltdata,quilt,https://github.com/quiltdata/quilt,"Quilt is a Scientific Data Management Platform on AWS that helps teams and AI find, trust, and reuse data through deeply versioned, context-rich data packages.",TypeScript,1360,90,1360,23,6.4044,false,false
2026-03-28,2026-03-28T19:29:10Z,77,kantord/just-dashboard,kantord,just-dashboard,https://github.com/kantord/just-dashboard,:bar_chart: :clipboard: Dashboards using YAML or JSON files ,TypeScript,1575,59,1575,58,6.3822,false,false
2026-03-28,2026-03-28T19:29:00Z,78,lakehq/sail,lakehq,sail,https://github.com/lakehq/sail,"LakeSail's computation framework with a mission to unify batch processing, stream processing, and compute-intensive AI workloads.",Rust,1191,82,1191,24,6.284,false,false
2026-03-28,2026-03-28T19:29:15Z,79,opendatadiscovery/awesome-data-catalogs,opendatadiscovery,awesome-data-catalogs,https://github.com/opendatadiscovery/awesome-data-catalogs,📙 Awesome Data Catalogs and Observability Platforms. ,Unknown,1011,70,1011,249,6.1226,false,false
2026-03-28,2026-03-28T19:29:13Z,82,Zleap-AI/SAG,Zleap-AI,SAG,https://github.com/Zleap-AI/SAG,SAG - SQL驱动的RAG引擎 · 查询时自动构建知识图谱 | SQL-Driven RAG Engine · Automatically Build Knowledge Graph During Querying,Python,1123,20,1123,133,5.8306,false,false
2026-03-28,2026-03-28T19:36:53Z,85,kanton-bern/hellodata-be,kanton-bern,hellodata-be,https://github.com/kanton-bern/hellodata-be,The Open-Source Enterprise Data Platform in a single Portal,Java,265,24,265,24,4.8741,false,false
2026-03-28,2026-03-28T19:36:39Z,87,starlake-ai/starlake,starlake-ai,starlake,https://github.com/starlake-ai/starlake,"Declarative text based tool for data analysts and engineers to extract, load, transform and orchestrate their data pipelines.",Scala,193,27,193,23,4.6872,false,false
2026-03-28,2026-03-28T19:36:51Z,90,zapplyjobs/New-Grad-Jobs-2026,zapplyjobs,New-Grad-Jobs-2026,https://github.com/zapplyjobs/New-Grad-Jobs-2026,"2026 entry-level jobs in tech, finance, healthcare & more — new grad US roles across software, business, operations & beyond",HTML,102,8,102,23,3.9035,false,false
2026-03-28,2026-03-28T20:52:37Z,91,TheDataMine/the-examples-book,TheDataMine,the-examples-book,https://github.com/TheDataMine/the-examples-book,Supplementary material for solving projects assigned in The Data Mine.,PLpgSQL,27,43,27,24,3.4678,false,false
2026-03-28,2026-03-28T19:36:52Z,93,zapplyjobs/New-Grad-Data-Science-Jobs-2026,zapplyjobs,New-Grad-Data-Science-Jobs-2026,https://github.com/zapplyjobs/New-Grad-Data-Science-Jobs-2026,"2026 entry-level data science & ML jobs — analytics, AI, quant & machine learning US roles",HTML,34,3,34,23,2.9046,false,false
2026-03-28,2026-03-28T19:36:53Z,96,zapplyjobs/Internships-2026,zapplyjobs,Internships-2026,https://github.com/zapplyjobs/Internships-2026,"2026 tech & software engineering internships for students — new grad US roles, summer & full-year",HTML,38,1,38,23,2.7724,false,false
2026-03-28,2026-03-28T19:36:44Z,98,jobright-ai/2026-Engineer-Internship,jobright-ai,2026-Engineer-Internship,https://github.com/jobright-ai/2026-Engineer-Internship,Collection of 2026 internships in Engineering and Development!,Unknown,29,1,29,23,2.5888,false,false
2026-03-28,2026-03-28T20:51:37Z,100,jobright-ai/2026-Engineering-New-Grad,jobright-ai,2026-Engineering-New-Grad,https://github.com/jobright-ai/2026-Engineering-New-Grad,Collection of 2026 New Grad Jobs in Engineering and Development!,Unknown,17,0,17,23,2.0233,false,false
2026-03-28,2026-03-28T20:51:36Z,103,open-interview/open-interview,open-interview,open-interview,https://github.com/open-interview/open-interview,"🎬 Interview prep that actually slaps — Swipe through 1000+ tech questions. System design, algorithms, coding challenges & more. Free & open source.",HTML,2,2,2,23,1.0986,false,false
2026-03-28,2026-03-28T20:52:36Z,104,imakshat47/imakshat47,imakshat47,imakshat47,https://github.com/imakshat47/imakshat47,Imakshat47,Python,1,6,1,23,1.069,false,false
2026-03-28,2026-03-28T19:36:53Z,107,evgeniimatveev/evgeniimatveev,evgeniimatveev,evgeniimatveev,https://github.com/evgeniimatveev/evgeniimatveev,Config files for my GitHub profile.,Python,3,0,3,23,0.9704,false,false
2026-03-28,2026-03-28T19:36:54Z,109,Sehab121/awesome-openclaw-skills-CN,Sehab121,awesome-openclaw-skills-CN,https://github.com/Sehab121/awesome-openclaw-skills-CN,"Discover and access 2,868 categorized OpenClaw skills with Chinese support, easing development without language barriers or complex setup.",Unknown,2,0,2,23,0.769,false,false
2026-03-28,2026-03-28T20:52:38Z,110,aforoughi1/IntelligentOne,aforoughi1,IntelligentOne,https://github.com/aforoughi1/IntelligentOne,,Unknown,2,0,2,24,0.769,false,false
2026-03-28,2026-03-28T20:52:39Z,112,Danny-Ap/spotify-dashboard,Danny-Ap,spotify-dashboard,https://github.com/Danny-Ap/spotify-dashboard,spotify End-to-End project,Python,1,1,1,23,0.6931,false,false
2026-03-28,2026-03-28T20:52:41Z,117,CoryLawsonxMortgageAI/MortgageFintechOS-,CoryLawsonxMortgageAI,MortgageFintechOS-,https://github.com/CoryLawsonxMortgageAI/MortgageFintechOS-,,Python,1,0,1,24,0.4852,false,false
2026-03-28,2026-03-28T20:51:36Z,119,Kasuba-phani/stock-sentiment-tracker,Kasuba-phani,stock-sentiment-tracker,https://github.com/Kasuba-phani/stock-sentiment-tracker,Forecasting the stock will be Bearish or Bullish the next day considering past week's data ,Python,1,0,1,23,0.4852,false,false
2026-03-28,2026-03-28T20:51:41Z,123,SpiralCloudOmega/DevTeam6,SpiralCloudOmega,DevTeam6,https://github.com/SpiralCloudOmega/DevTeam6,AI Dev Studio,C++,1,0,1,23,0.4852,false,false
2026-03-28,2026-03-28T19:36:40Z,124,TsilidisV/attica-traffic,TsilidisV,attica-traffic,https://github.com/TsilidisV/attica-traffic,Attica vehicle mobility analytics and prediction through an end-to-end data engineering framework ,Python,1,0,1,24,0.4852,false,false
2026-03-28,2026-03-28T20:51:39Z,126,cianfhoghlaim/kings_college_galway,cianfhoghlaim,kings_college_galway,https://github.com/cianfhoghlaim/kings_college_galway,"English, Irish, Welsh, Manx, Scottish, GCSE + A-Levels + Leaving Cycle + Junior Cycle Educational Software including Data Engineering and Agentic AI and selfhostable infrastructure (especially for MacOS)",Jupyter Notebook,1,0,1,24,0.4852,false,false
2026-03-28,2026-03-28T19:36:45Z,128,enriquegomeztagle/enriquegomeztagle,enriquegomeztagle,enriquegomeztagle,https://github.com/enriquegomeztagle/enriquegomeztagle,,Unknown,1,0,1,23,0.4852,false,false
2026-03-28,2026-03-28T19:36:43Z,129,espinosacodes/espinosacodes,espinosacodes,espinosacodes,https://github.com/espinosacodes/espinosacodes,Config files for my GitHub profile.,Unknown,1,0,1,24,0.4852,false,false
2026-03-28,2026-03-28T20:52:42Z,134,husam-hammami/Reporting_Module_v0.1,husam-hammami,Reporting_Module_v0.1,https://github.com/husam-hammami/Reporting_Module_v0.1,"Configurable reporting system with drag-and-drop report builder, live monitoring, and historical data visualization.",JavaScript,1,0,1,23,0.4852,false,false
2026-03-28,2026-03-28T20:51:37Z,135,hxwd94666/Data-study,hxwd94666,Data-study,https://github.com/hxwd94666/Data-study, 大数据开发核心架构突击 | 180-Day Data Engineering Bootcamp,Python,1,0,1,23,0.4852,false,false
2026-03-28,2026-03-28T20:52:33Z,137,reedwhetstone/coffee-app,reedwhetstone,coffee-app,https://github.com/reedwhetstone/coffee-app,,TypeScript,1,0,1,23,0.4852,false,false
2026-03-28,2026-03-28T20:51:38Z,141,openinherit/openinherit,openinherit,openinherit,https://github.com/openinherit/openinherit,INHERIT — open estate data interchange standard for global succession planning,TypeScript,0,2,0,23,0.3296,false,false
2026-03-28,2026-03-28T19:36:47Z,142,Sairanyx/nyc-taxi-lakehouse,Sairanyx,nyc-taxi-lakehouse,https://github.com/Sairanyx/nyc-taxi-lakehouse,"End-to-end data lakehouse pipeline using Apache Spark and MinIO. Processes NYC Yellow Taxi 2025 data (~48M trips) through a medallion architecture (raw → silver → gold), served via FastAPI and Streamlit.",Python,0,1,0,24,0.2079,false,false
2026-03-28,2026-03-28T20:52:33Z,148,Abhi-Gangurde/engineering-data-platform-cad-plm-erp,Abhi-Gangurde,engineering-data-platform-cad-plm-erp,https://github.com/Abhi-Gangurde/engineering-data-platform-cad-plm-erp,"End-to-End Data Engineering Platform using ADF, Databricks, and Delta Lake  integrating CAD, PLM, and ERP systems with CDC, incremental processing, and medallion architecture.",Python,0,0,0,23,0,false,false
2026-03-28,2026-03-28T19:36:47Z,151,Akunfalse/Integrated-Drill-Bit-Visualization-3D,Akunfalse,Integrated-Drill-Bit-Visualization-3D,https://github.com/Akunfalse/Integrated-Drill-Bit-Visualization-3D,Visualize and interact with 3D models of Tricone and PDC drill bits in a browser using Python for detailed geometry inspection.,HTML,0,0,0,23,0,false,false
2026-03-28,2026-03-28T19:36:48Z,156,Analytics-JDS/mspa-modern-ds,Analytics-JDS,mspa-modern-ds,https://github.com/Analytics-JDS/mspa-modern-ds,From Northwestern MSPA (2015) to Modern Data Science — A self-directed curriculum on a 10-node Raspberry Pi Kubernetes cluster,Unknown,0,0,0,24,0,false,false
2026-03-28,2026-03-28T19:36:38Z,157,Anish-Upadhyay/Autonomous_Engineering_Intelligence_Engine,Anish-Upadhyay,Autonomous_Engineering_Intelligence_Engine,https://github.com/Anish-Upadhyay/Autonomous_Engineering_Intelligence_Engine,,Python,0,0,0,24,0,false,false
2026-03-28,2026-03-28T20:52:34Z,161,Arrah28/AWS-ML-Financial-Health-Analytics-Project,Arrah28,AWS-ML-Financial-Health-Analytics-Project,https://github.com/Arrah28/AWS-ML-Financial-Health-Analytics-Project,Machine Learning Project for Supervised Stroke Prediction and Unsupervised Credit Card Clustering.,Jupyter Notebook,0,0,0,23,0,false,false
2026-03-28,2026-03-28T20:52:40Z,162,Balasubramanian-pg/Pharma-Data-Stream,Balasubramanian-pg,Pharma-Data-Stream,https://github.com/Balasubramanian-pg/Pharma-Data-Stream,,Python,0,0,0,23,0,false,false
2026-03-28,2026-03-28T19:36:41Z,168,CommittedCoaches/superset-railway-legacy,CommittedCoaches,superset-railway-legacy,https://github.com/CommittedCoaches/superset-railway-legacy,Migrated from github.com/pretrain-com/apache-superset-railway-moXv,Python,0,0,0,24,0,false,false
2026-03-28,2026-03-28T19:36:43Z,170,DRAQX/dateng-project2-ecommerce-etl-pipeline,DRAQX,dateng-project2-ecommerce-etl-pipeline,https://github.com/DRAQX/dateng-project2-ecommerce-etl-pipeline,This is a bit better approach for ETL/API relational work + SQLite connection.,Python,0,0,0,24,0,false,false
2026-03-28,2026-03-28T19:36:55Z,171,Djisu/aws-retail-orders-data-lake,Djisu,aws-retail-orders-data-lake,https://github.com/Djisu/aws-retail-orders-data-lake,,Python,0,0,0,24,0,false,false
2026-03-28,2026-03-28T19:36:43Z,175,EricGuerrize/pncp-eric,EricGuerrize,pncp-eric,https://github.com/EricGuerrize/pncp-eric,Pipeline de coleta PNCP + cruzamento APLIC (TCE-MT),Python,0,0,0,24,0,false,false
2026-03-28,2026-03-28T20:52:32Z,176,Ezekwemdesmond/NHS-Antidepressant-Prescribing-Analysis,Ezekwemdesmond,NHS-Antidepressant-Prescribing-Analysis,https://github.com/Ezekwemdesmond/NHS-Antidepressant-Prescribing-Analysis,"End-to-end NHS antidepressant prescribing analytics — Python ETL pipeline, MySQL star schema, Facebook Prophet forecasting, and Power BI dashboard analysing 445M prescription items (£1.20bn) across 7 NHS England regions · 2021–2025",Jupyter Notebook,0,0,0,24,0,false,false
2026-03-28,2026-03-28T19:36:42Z,180,GAkbulutlar/Real-Time-GNSS-Bird-Interference-Detection-System,GAkbulutlar,Real-Time-GNSS-Bird-Interference-Detection-System,https://github.com/GAkbulutlar/Real-Time-GNSS-Bird-Interference-Detection-System,Real-time bird detection system designed to monitor GNSS antennas and identify potential sources of signal degradation caused by nearby birds.,Python,0,0,0,24,0,false,false
2026-03-28,2026-03-28T20:52:42Z,181,GYULEE55/Final_project,GYULEE55,Final_project,https://github.com/GYULEE55/Final_project,[아시아경제 교육센터 파이널 프로젝트] :딥페이크 얼굴 이미지/영상 판별 웹페이지,Jupyter Notebook,0,0,0,24,0,false,false
2026-03-28,2026-03-28T19:36:39Z,184,Hector-p/Hector-p,Hector-p,Hector-p,https://github.com/Hector-p/Hector-p,Config files for my GitHub profile.,Unknown,0,0,0,24,0,false,false
2026-03-28,2026-03-28T20:51:43Z,185,Houciene/Azure-Data-Engineering-Basic-To-Advance,Houciene,Azure-Data-Engineering-Basic-To-Advance,https://github.com/Houciene/Azure-Data-Engineering-Basic-To-Advance,"Explore Azure data engineering from basic SQL to advanced cloud pipelines, real-time streaming, and scalable data workflows.",Unknown,0,0,0,23,0,false,false
2026-03-28,2026-03-28T19:36:25Z,186,IFC-Chalaco/usgs-seismic-dashboard,IFC-Chalaco,usgs-seismic-dashboard,https://github.com/IFC-Chalaco/usgs-seismic-dashboard,Cloud-automated USGS earthquake data pipeline with curated exports and GitHub Actions refresh workflows.,PowerShell,0,0,0,23,0,false,false
2026-03-28,2026-03-28T20:51:38Z,188,JanaineJMX/ANP_FUEL_project,JanaineJMX,ANP_FUEL_project,https://github.com/JanaineJMX/ANP_FUEL_project,End-to-end data pipeline using ANP public data to analyze Brazil’s fuel dependency and estimate refining capacity required for self-sufficiency.,Jupyter Notebook,0,0,0,24,0,false,false
2026-03-28,2026-03-28T20:52:38Z,189,JohnOngeri/PriFed,JohnOngeri,PriFed,https://github.com/JohnOngeri/PriFed,,Dart,0,0,0,24,0,false,false
2026-03-28,2026-03-28T20:52:35Z,190,KANH12/global-jobs-market-pipeline,KANH12,global-jobs-market-pipeline,https://github.com/KANH12/global-jobs-market-pipeline,,Jupyter Notebook,0,0,0,24,0,false,false
2026-03-28,2026-03-28T19:36:39Z,191,KanwarRahul/tvmaze-de-assessment,KanwarRahul,tvmaze-de-assessment,https://github.com/KanwarRahul/tvmaze-de-assessment,Assesment for ABN AMRO,Python,0,0,0,23,0,false,false
2026-03-28,2026-03-28T19:36:51Z,197,Mahesh-N-Data/Databricks-Insurance-Lakehouse-Pipeline,Mahesh-N-Data,Databricks-Insurance-Lakehouse-Pipeline,https://github.com/Mahesh-N-Data/Databricks-Insurance-Lakehouse-Pipeline,"Insurance data pipeline built in Databricks using PySpark, Delta Lake, Medallion architecture, MERGE upserts, and control-table-driven incrementality.",Jupyter Notebook,0,0,0,24,0,false,false
2026-03-28,2026-03-28T20:52:37Z,203,Michaelc00s/Michaelc00s,Michaelc00s,Michaelc00s,https://github.com/Michaelc00s/Michaelc00s,,Unknown,0,0,0,24,0,false,false
2026-03-28,2026-03-28T19:36:40Z,205,Naima-ouc/ecommerce-seller-analytics,Naima-ouc,ecommerce-seller-analytics,https://github.com/Naima-ouc/ecommerce-seller-analytics,"End-to-end data analytics project to identify high-value e-commerce sellers using SQL, Python, machine learning, and Power BI.",Jupyter Notebook,0,0,0,24,0,false,false
2026-03-28,2026-03-28T20:51:38Z,209,Prakharnamdeo15/e_commerce_data_pipeline,Prakharnamdeo15,e_commerce_data_pipeline,https://github.com/Prakharnamdeo15/e_commerce_data_pipeline,In this repo I tried to simulate the real world data engineering solution for an e_commerce platform,Python,0,0,0,24,0,false,false
2026-03-28,2026-03-28T19:35:54Z,210,ProphetSunboy/leetcode-solutions-python,ProphetSunboy,leetcode-solutions-python,https://github.com/ProphetSunboy/leetcode-solutions-python,"900+ LeetCode & Pandas solutions in Python. Daily updates, 280+ days streak, documented with Big O analysis.",Python,0,0,0,23,0,false,false
2026-03-28,2026-03-28T20:52:35Z,213,SakshiRawat25/ecommerce-data-platform,SakshiRawat25,ecommerce-data-platform,https://github.com/SakshiRawat25/ecommerce-data-platform,"Hey folks,",Python,0,0,0,23,0,false,false
2026-03-28,2026-03-28T19:36:48Z,214,Simbus-Databricks/GlobalMart_DataIntelligence,Simbus-Databricks,GlobalMart_DataIntelligence,https://github.com/Simbus-Databricks/GlobalMart_DataIntelligence,GlobalMart_DataIntelligence,Python,0,0,0,24,0,false,false
2026-03-28,2026-03-28T19:36:52Z,216,SourabhKhamankar22/PhonePe-Transaction-Insights,SourabhKhamankar22,PhonePe-Transaction-Insights,https://github.com/SourabhKhamankar22/PhonePe-Transaction-Insights,,Jupyter Notebook,0,0,0,23,0,false,false
2026-03-28,2026-03-28T20:51:42Z,217,Sravanthi-Git123/DBX_HK_Insurance,Sravanthi-Git123,DBX_HK_Insurance,https://github.com/Sravanthi-Git123/DBX_HK_Insurance,Workshop exercise for Insurance,Python,0,0,0,24,0,false,false
2026-03-28,2026-03-28T20:51:43Z,222,TiisoBasisEnergy/vol-os-data,TiisoBasisEnergy,vol-os-data,https://github.com/TiisoBasisEnergy/vol-os-data,,Python,0,0,0,24,0,false,false
2026-03-28,2026-03-28T19:36:55Z,225,XARZGAMING/SOMA,XARZGAMING,SOMA,https://github.com/XARZGAMING/SOMA,"Enable advanced AI by running a self-aware cognitive operating system managing multiple agents for learning, reasoning, and goal-driven decision making.",JavaScript,0,0,0,23,0,false,false
2026-03-28,2026-03-28T20:52:34Z,229,adithyadaine/chiEAC-chicago-migrant-resource-pulse,adithyadaine,chiEAC-chicago-migrant-resource-pulse,https://github.com/adithyadaine/chiEAC-chicago-migrant-resource-pulse,,Python,0,0,0,23,0,false,false
2026-03-28,2026-03-28T20:51:40Z,233,alouiyaz78/Zero-defect-credit-risk-pipeline,alouiyaz78,Zero-defect-credit-risk-pipeline,https://github.com/alouiyaz78/Zero-defect-credit-risk-pipeline,"Zero-defect ML pipeline for credit risk with data quality checks, schema validation, model robustness, fairness, and drift detection.",HTML,0,0,0,24,0,false,false
2026-03-28,2026-03-28T19:36:44Z,234,amrita-de/Multi-source-log-aggregator,amrita-de,Multi-source-log-aggregator,https://github.com/amrita-de/Multi-source-log-aggregator,,JavaScript,0,0,0,24,0,false,false
2026-03-28,2026-03-28T19:36:50Z,235,andyombogo/khis-toolkit,andyombogo,khis-toolkit,https://github.com/andyombogo/khis-toolkit,,Python,0,0,0,23,0,false,false
2026-03-28,2026-03-28T20:52:32Z,237,ankinguyen-engineer-2002/LLM_JOBs,ankinguyen-engineer-2002,LLM_JOBs,https://github.com/ankinguyen-engineer-2002/LLM_JOBs,Sync jobs every where you want,Python,0,0,0,23,0,false,false
2026-03-28,2026-03-28T19:36:46Z,239,antoniocalapai/Datalus,antoniocalapai,Datalus,https://github.com/antoniocalapai/Datalus,Infrastructures for machine vision data,HTML,0,0,0,23,0,false,false
2026-03-28,2026-03-28T20:51:43Z,242,atomixon49/AWS-Services-For-Data-Engineering-With-Projects,atomixon49,AWS-Services-For-Data-Engineering-With-Projects,https://github.com/atomixon49/AWS-Services-For-Data-Engineering-With-Projects,"Explore and build data engineering solutions using AWS services with practical projects covering SQL, Big Data, and modern architecture.",Unknown,0,0,0,23,0,false,false
2026-03-28,2026-03-28T20:52:43Z,243,axiom-of-choice/axiom-of-choice,axiom-of-choice,axiom-of-choice,https://github.com/axiom-of-choice/axiom-of-choice,Config files for my GitHub profile.,HTML,0,0,0,24,0,false,false
2026-03-28,2026-03-28T20:52:39Z,244,azertydj23-design/bi-clima-la-plata-enso,azertydj23-design,bi-clima-la-plata-enso,https://github.com/azertydj23-design/bi-clima-la-plata-enso,🌊 Analyze ENSO's impact on extreme climate indices in La Plata using integrated global and local data for better urban planning and risk management.,Jupyter Notebook,0,0,0,23,0,false,false
2026-03-28,2026-03-28T19:36:46Z,245,b8511/data-engineering-project,b8511,data-engineering-project,https://github.com/b8511/de-project-portuguese-wines,,Python,0,0,0,24,0,false,false
2026-03-28,2026-03-28T19:36:44Z,246,bananasminecraftroblox192-glitch/DEPI-SSIS-ETL-DWH-Project,bananasminecraftroblox192-glitch,DEPI-SSIS-ETL-DWH-Project,https://github.com/bananasminecraftroblox192-glitch/DEPI-SSIS-ETL-DWH-Project,"Process telecom CDR data using SSIS to extract, transform, and load CSV files into a SQL Server data warehouse efficiently.",TSQL,0,0,0,23,0,false,false
2026-03-28,2026-03-28T20:51:41Z,248,best254002-boop/aws-data-engineering,best254002-boop,aws-data-engineering,https://github.com/best254002-boop/aws-data-engineering,Build and manage scalable data pipelines on AWS using practical projects from basic to advanced data engineering concepts.,Unknown,0,0,0,23,0,false,false
2026-03-28,2026-03-28T20:51:42Z,251,bpragatirao/Data-science-basics,bpragatirao,Data-science-basics,https://github.com/bpragatirao/Data-science-basics,"Data-Science-Basics: A comprehensive personal learning laboratory for Data Science and Machine Learning. This repository serves as a structured roadmap containing end-to-end Jupiter notebooks, curated datasets, and fundamental implementations of ML concepts using Python and SQL.",HTML,0,0,0,24,0,false,false
2026-03-28,2026-03-28T20:52:39Z,252,briceverola/data-analyst-job-market-analysis,briceverola,data-analyst-job-market-analysis,https://github.com/briceverola/data-analyst-job-market-analysis,,Jupyter Notebook,0,0,0,24,0,false,false
2026-03-28,2026-03-28T20:52:38Z,253,brunodutraho/insightflow,brunodutraho,insightflow,https://github.com/brunodutraho/insightflow,"Marketing analytics SaaS platform that centralizes multi-channel data and transforms it into actionable insights using Python, FastAPI, and modern data pipelines.",Python,0,0,0,24,0,false,false
2026-03-28,2026-03-28T19:36:41Z,256,claygeo/competitive-intel-platform,claygeo,competitive-intel-platform,https://github.com/claygeo/competitive-intel-platform,"Production data pipeline that scrapes 50K+ products across 31 retail chains. Reverse-engineered 3 proprietary APIs, built normalization engine for 500+ brands. BullMQ, Redis, Playwright, TypeScript.",Unknown,0,0,0,24,0,false,false
2026-03-28,2026-03-28T19:36:41Z,257,datasuccess/iot-fleet-monitor-pipeline,datasuccess,iot-fleet-monitor-pipeline,https://github.com/datasuccess/iot-fleet-monitor-pipeline,"IoT sensor fleet monitoring pipeline — Lambda, S3, Apache Iceberg, Snowflake, dbt, Airflow",Python,0,0,0,23,0,false,false
2026-03-28,2026-03-28T20:51:42Z,264,elb200/big-data-pyspark-mapreduce,elb200,big-data-pyspark-mapreduce,https://github.com/elb200/big-data-pyspark-mapreduce,Demonstrate scalable data processing with PySpark content-based recommendations and MapReduce analytics for large structured datasets.,Jupyter Notebook,0,0,0,23,0,false,false
2026-03-28,2026-03-28T19:36:49Z,265,ericbrown379/sql-data-warehouse-project,ericbrown379,sql-data-warehouse-project,https://github.com/ericbrown379/sql-data-warehouse-project,"Building a modern data warehouse with SQL Server, including ETL processes, data modeling, and analytics",PLpgSQL,0,0,0,24,0,false,false
2026-03-28,2026-03-28T20:52:33Z,266,etc0/public-ipeds,etc0,public-ipeds,https://github.com/etc0/public-ipeds,"Personal project using Python, BigQuery, and dbt with public IPEDS completions data set.",Python,0,0,0,24,0,false,false
2026-03-28,2026-03-28T19:36:40Z,269,felipefl142/f1-predict-analysis-platform,felipefl142,f1-predict-analysis-platform,https://github.com/felipefl142/f1-predict-analysis-platform,,Python,0,0,0,23,0,false,false
2026-03-28,2026-03-28T20:52:42Z,271,forthekidsq1-png/Coverage-is-The-Silent-Killer,forthekidsq1-png,Coverage-is-The-Silent-Killer,https://github.com/forthekidsq1-png/Coverage-is-The-Silent-Killer,"📊 Elevate your data analytics by addressing coverage issues that mislead insights, ensuring your analysis tells the true story.",Unknown,0,0,0,23,0,false,false
2026-03-28,2026-03-28T20:52:37Z,279,hd2705/hd2705,hd2705,hd2705,https://github.com/hd2705/hd2705,,Unknown,0,0,0,24,0,false,false
2026-03-28,2026-03-28T19:36:41Z,288,janabrgs/ecommerce-seller-analytics,janabrgs,ecommerce-seller-analytics,https://github.com/janabrgs/ecommerce-seller-analytics,"End-to-end data analytics project to identify high-value e-commerce sellers using SQL, Python, machine learning, and Power BI.",Jupyter Notebook,0,0,0,24,0,false,false
2026-03-28,2026-03-28T19:36:55Z,289,janiomjunior/wind-farm-analytics,janiomjunior,wind-farm-analytics,https://github.com/janiomjunior/wind-farm-analytics,Zoomcamp final project......complete workflow with wind farm analytics,Python,0,0,0,24,0,false,false
2026-03-28,2026-03-28T20:51:44Z,290,jhersonsanchez905-art/bases2,jhersonsanchez905-art,bases2,https://github.com/jhersonsanchez905-art/bases2,,Jupyter Notebook,0,0,0,24,0,false,false
2026-03-28,2026-03-28T20:51:41Z,291,joshap807/GCP-Data-Engineering,joshap807,GCP-Data-Engineering,https://github.com/joshap807/GCP-Data-Engineering,"Build and manage data pipelines using Google Cloud Platform services aimed at scalable, efficient data engineering projects.",Unknown,0,0,0,23,0,false,false
2026-03-28,2026-03-28T20:52:36Z,295,lemosjose/lemosjose,lemosjose,lemosjose,https://github.com/lemosjose/lemosjose,My README! you can question me about the allegations and make suggestions in my private contact platforms,Unknown,0,0,0,23,0,false,false
2026-03-28,2026-03-28T20:52:37Z,296,lulubazx/data-mart-banco,lulubazx,data-mart-banco,https://github.com/lulubazx/data-mart-banco,,Python,0,0,0,23,0,false,false
2026-03-28,2026-03-28T20:52:32Z,297,mahmoudnasser-97/weather-data-pipeline,mahmoudnasser-97,weather-data-pipeline,https://github.com/mahmoudnasser-97/weather-data-pipeline,"An automated end-to-end ETL pipeline fetching weather data via API, processed with Python and DuckDB.",Python,0,0,0,23,0,false,false
2026-03-28,2026-03-28T19:36:46Z,298,marcoleloam/agentspec,marcoleloam,agentspec,https://github.com/marcoleloam/agentspec,,HTML,0,0,0,24,0,false,false
2026-03-28,2026-03-28T19:36:42Z,302,mohammedwritten616/Integrated-Subsea-ROV-and-AUV-Visualization-3D,mohammedwritten616,Integrated-Subsea-ROV-and-AUV-Visualization-3D,https://github.com/mohammedwritten616/Integrated-Subsea-ROV-and-AUV-Visualization-3D,Visualize and interact with 3D models of subsea ROV and AUV plots in your browser using this Python-based web tool.,Unknown,0,0,0,23,0,false,false
2026-03-28,2026-03-28T20:51:45Z,304,mujahidnadeem6852443/design-patterns-engineering,mujahidnadeem6852443,design-patterns-engineering,https://github.com/mujahidnadeem6852443/design-patterns-engineering,"Production-style Java implementations of core design patterns with clear explanations, UML diagrams, and real-world backend and data engineering use cases.",Java,0,0,0,24,0,false,false
2026-03-28,2026-03-28T19:36:49Z,305,mwashburn160/pipeline-builder,mwashburn160,pipeline-builder,https://github.com/mwashburn160/pipeline-builder,"An enterprise CI/CD platform that turns plugin definitions and pipeline configs into deployed AWS CodePipeline infrastructure.  Pipeline Builder supports five creation methods: TypeScript CDK, CLI, REST API, Next.js UI, and AI-powered natural language using providers like Claude, GPT-4o, Gemini, and Amazon Bedrock.",TypeScript,0,0,0,23,0,false,false
2026-03-28,2026-03-28T19:36:45Z,306,nagasantoshchavvakula/nagasantoshchavvakula,nagasantoshchavvakula,nagasantoshchavvakula,https://github.com/nagasantoshchavvakula/nagasantoshchavvakula,"Data Analyst | Python, SQL, Tableau, Power BI | Data Engineering, ETL Pipelines, Machine Learning & Cloud Analytics",Unknown,0,0,0,24,0,false,false
2026-03-28,2026-03-28T20:52:40Z,311,otaviobernardo/otaviobernardo,otaviobernardo,otaviobernardo,https://github.com/otaviobernardo/otaviobernardo,,Unknown,0,0,0,24,0,false,false
2026-03-28,2026-03-28T20:51:44Z,314,powerofzeus123/data-engineering-wf-internship-case-study,powerofzeus123,data-engineering-wf-internship-case-study,https://github.com/powerofzeus123/data-engineering-wf-internship-case-study,Deliver production-ready data models and pipelines using dbt and BigQuery to support marketing data integration and BI insights.,Unknown,0,0,0,23,0,false,false
2026-03-28,2026-03-28T19:36:54Z,316,pranjalmandhan/crypto-market-pipeline,pranjalmandhan,crypto-market-pipeline,https://github.com/pranjalmandhan/crypto-market-pipeline,Production-grade Python ETL pipeline to automate real-time crypto price monitoring and history tracking.,Python,0,0,0,23,0,false,false
2026-03-28,2026-03-28T19:36:04Z,319,realusmannazir1/realusmannazir1,realusmannazir1,realusmannazir1,https://github.com/realusmannazir1/realusmannazir1,,Unknown,0,0,0,24,0,false,false
2026-03-28,2026-03-28T20:51:39Z,322,rlemke/agentflow,rlemke,agentflow,https://github.com/rlemke/agentflow,Agent flow executor,Python,0,0,0,23,0,false,false
2026-03-28,2026-03-28T19:36:50Z,324,rohithhelman/Integrated-Rig-Visualization-3D,rohithhelman,Integrated-Rig-Visualization-3D,https://github.com/rohithhelman/Integrated-Rig-Visualization-3D,"Visualize and explore 3D Land Rig and Semi-Submersible Rig models in your browser with interactive, web-optimized Python-based rendering.",HTML,0,0,0,23,0,false,false
2026-03-28,2026-03-28T20:52:41Z,325,rtjohnson0/ChicagoBullsDashboard,rtjohnson0,ChicagoBullsDashboard,https://github.com/rtjohnson0/ChicagoBullsDashboard,Im creating a dashboard collecting all Chicago Bulls data daily.,JavaScript,0,0,0,23,0,false,false
2026-03-28,2026-03-28T20:51:37Z,326,salonichauhan1101/salonichauhan1101,salonichauhan1101,salonichauhan1101,https://github.com/salonichauhan1101/salonichauhan1101,,Unknown,0,0,0,24,0,false,false
2026-03-28,2026-03-28T19:36:14Z,328,sewon-p/ml_project,sewon-p,ml_project,https://github.com/sewon-p/ml_project,,Python,0,0,0,23,0,false,false
2026-03-28,2026-03-28T19:36:46Z,329,sfaizi24/TNC-Model-2025,sfaizi24,TNC-Model-2025,https://github.com/sfaizi24/TNC-Model-2025,The model Webpage ,Jupyter Notebook,0,0,0,23,0,false,false
2026-03-28,2026-03-28T20:52:40Z,331,skbb2553/credit-card-etl-pipeline,skbb2553,credit-card-etl-pipeline,https://github.com/skbb2553/credit-card-etl-pipeline,"An ETL pipeline that structures credit card transaction data into a database, enabling personal RFM analysis and cashback reward estimation.",Python,0,0,0,24,0,false,false
2026-03-28,2026-03-28T19:36:48Z,332,souravppm/Multi-Agent-B2B-Lead-Intelligence-Squad,souravppm,Multi-Agent-B2B-Lead-Intelligence-Squad,https://github.com/souravppm/Multi-Agent-B2B-Lead-Intelligence-Squad,"Multi-Agent B2B Lead Intelligence Squad is an autonomous AI agent pipeline designed to streamline and automate B2B outbound sales efforts. Powered by LangGraph, it orchestrates a team of specialized AI agents to research a target company, analyze its strategic pain points, and draft a highly personalized, context-aware cold email.",Python,0,0,0,24,0,false,false
2026-03-28,2026-03-28T19:36:53Z,334,sudeepgupta90/sudeepgupta90,sudeepgupta90,sudeepgupta90,https://github.com/sudeepgupta90/sudeepgupta90,,Unknown,0,0,0,23,0,false,false
2026-03-28,2026-03-28T19:36:47Z,336,swaroop97/Course-Recommendor,swaroop97,Course-Recommendor,https://github.com/swaroop97/Course-Recommendor,"Interactive Course Recommender is a lightweight demo that ranks similar courses using classic information retrieval. It builds a TF‑IDF representation of course titles and descriptions and scores results with cosine similarity, delivering fast and explainable recommendations without external services.",Python,0,0,0,24,0,false,false
2026-03-28,2026-03-28T20:51:41Z,337,swasxtik/ecommerce-lakehouse-databricks,swasxtik,ecommerce-lakehouse-databricks,https://github.com/swasxtik/ecommerce-lakehouse-databricks,Build and manage an end-to-end e-commerce data pipeline on Azure Databricks using Medallion Architecture for scalable analytics.,Jupyter Notebook,0,0,0,23,0,false,false
2026-03-28,2026-03-28T19:36:42Z,339,thara-sritharadol/academic-dashboard,thara-sritharadol,academic-dashboard,https://github.com/thara-sritharadol/academic-dashboard,"A comprehensive data pipeline, machine learning clustering, and visualization system for analyzing academic papers and author expertise. Developed as a Senior Project, this system automates the retrieval of academic publications, categorizes them using state-of-the-art NLP models, and presents the insights through an React dashboard. (Ongoing)",Python,0,0,0,23,0,false,false
2026-03-28,2026-03-28T19:36:54Z,340,tprashanth1907/Semi-Submersible-Rig-3D,tprashanth1907,Semi-Submersible-Rig-3D,https://github.com/tprashanth1907/Semi-Submersible-Rig-3D,Visualize and interact with a detailed 3D semi-submersible rig model optimized for smooth web-based exploration and inspection.,HTML,0,0,0,23,0,false,false
2026-03-28,2026-03-28T19:36:49Z,343,vikeshkumar1017/aws-glue-confluent-kafka-pipeline,vikeshkumar1017,aws-glue-confluent-kafka-pipeline,https://github.com/vikeshkumar1017/aws-glue-confluent-kafka-pipeline,"End-to-End Serverless Streaming Pipeline using AWS Glue, Confluent Kafka, and S3.",Python,0,0,0,24,0,false,false
2026-03-28,2026-03-28T20:52:36Z,344,wahabali/process-sim,wahabali,process-sim,https://github.com/wahabali/process-sim,"Open-source AI-powered process intelligence simulation — discover your process, then ask 'what if?'",Python,0,0,0,24,0,false,false
2026-03-28,2026-03-28T20:52:34Z,345,wellingtonb3/Oracle-Ace4,wellingtonb3,Oracle-Ace4,https://github.com/wellingtonb3/Oracle-Ace4,,Python,0,0,0,24,0,false,false
